time,static,static_gross,rolling,distance,bh_ew,btc
2022-05-07 00:00:00+00:00,0.0,0.0,0.0,0.00027767329383676653,-0.022809180316901156,-0.011882241681162253
2022-05-08 00:00:00+00:00,0.0,0.0,-0.0034132476313392113,0.0014259386474093638,-0.021424112424414,-0.04042552531701549
2022-05-09 00:00:00+00:00,-0.02175763655366214,-0.02102272681678763,-0.027773044424845295,-0.0046263843426206375,-0.17057085929924454,-0.11640059462254371
2022-05-10 00:00:00+00:00,0.008727806767859336,0.009232884138614228,0.008619728619738476,-0.003614073315204469,0.04526231995661867,0.03128010051765129
2022-05-11 00:00:00+00:00,-0.027660934583022434,-0.02669138962335804,-0.029204129228120768,-0.016529062831196595,-0.21366349052477995,-0.061680814776364556
2022-05-12 00:00:00+00:00,-0.0240668813113315,-0.02137045117144276,-0.018016560629412814,0.014192719403207432,-0.05429141143191096,-0.002549139394872668
2022-05-13 00:00:00+00:00,0.025058711440849812,0.026335947851609864,0.02646447899528548,0.010818003226721551,0.08054013075359956,0.008863321248029132
2022-05-14 00:00:00+00:00,0.004170436335025451,0.004671462149537842,0.003942436016153961,-0.007301408579879376,0.03596233365602952,0.02730524241943244
2022-05-15 00:00:00+00:00,0.0015816868484470614,0.0015816868484470614,-0.00043788730435123657,-0.0016443373166300512,0.06389769145764812,0.041285629483285735
2022-05-16 00:00:00+00:00,-0.007733564881336363,-0.007733564881336363,-0.0027547779436702946,-0.0032402437572077725,-0.08230255180153712,-0.046438925860443736
2022-05-17 00:00:00+00:00,0.0023255942768549698,0.0023255942768549698,-0.007254034312335955,0.002606529582468875,0.058210190536299056,0.019110926186341137
2022-05-18 00:00:00+00:00,-0.0045246231043348795,-0.004274687895776452,0.0044191987709985,0.0005564129969184428,-0.09126535689326465,-0.056811101224408245
2022-05-19 00:00:00+00:00,-0.010640624516598418,-0.010393416626883423,-0.0149930699763553,0.0018416218598094058,0.05971596564618542,0.05585555027769207
2022-05-20 00:00:00+00:00,0.001126269050830242,0.003885408892438935,0.013268800684575366,0.0035060054722986234,-0.03974207438562272,-0.03688154349566242
2022-05-21 00:00:00+00:00,-0.00970570464991416,-0.008463822275229793,-0.0034673253118310265,-0.004422447104912575,0.029561388390770382,0.008357587631386387
2022-05-22 00:00:00+00:00,-0.0013821051313741561,-0.0008822069736729166,-0.00715244609548682,-0.005745739960307361,0.028304410802342472,0.028829284097231733
2022-05-23 00:00:00+00:00,0.0013224298800427192,0.0030750066689793076,0.018746524046893587,-0.0031403561976188765,-0.03611860696358027,-0.03910980215845239
2022-05-24 00:00:00+00:00,-0.0008502488898017857,0.0008980878640592049,-0.0029119385975968637,0.011733859871221775,0.026967250768227258,0.018737407310072784
2022-05-25 00:00:00+00:00,-0.004172112220825586,-0.0034260507946246577,0.005243277585520678,-0.0052411140824553115,-0.007442709711157569,-0.0037913199242747275
2022-05-26 00:00:00+00:00,-0.012841284534714337,-0.012594702299364102,0.006384483640085925,-0.0002666830476865112,-0.08114785010989911,-0.011536059494654749
2022-05-27 00:00:00+00:00,0.010965560387705908,0.011978789408254364,0.010583089134935664,-0.007986844948589478,-0.03339487638882466,-0.019572725233593102
2022-05-28 00:00:00+00:00,0.001487703942779417,0.002238550356240765,0.0,-0.0005039301042177868,0.031145103763684512,0.014024897135153092
2022-05-29 00:00:00+00:00,0.007135051320323216,0.007639024612403844,0.0,-0.0017519190669030849,0.026023159557095665,0.015044780931497304
2022-05-30 00:00:00+00:00,-0.01824545806736344,-0.017755402696642997,-0.010147890436290163,0.012671231515079429,0.10622449762874897,0.0769007842378695
2022-05-31 00:00:00+00:00,-0.008857094879350047,-0.007617248901059637,0.009474896684614098,0.004588994662061641,-0.00781292248254517,0.00210561343559168
2022-06-01 00:00:00+00:00,-0.006993156817891921,-0.005255320891069837,0.00030750461945383556,0.004250365011440049,-0.08496182306395028,-0.06274040094286248
2022-06-02 00:00:00+00:00,0.0005236189576331984,0.0007739997598759096,0.005020204999302225,0.004793200951181298,0.03203714639609623,0.021700117057634527
2022-06-03 00:00:00+00:00,-0.00742304396528759,-0.006678287104581515,-0.0035987435785160837,-0.007291805718958155,-0.04379792991782472,-0.024707562107955106
2022-06-04 00:00:00+00:00,-0.00017139085792239328,-0.00017139085792239328,0.0030445098495335277,0.002461438157099316,0.012196232171285182,0.005516122613273389
2022-06-05 00:00:00+00:00,-0.0049874268450524895,-0.0032443961491217532,0.0010480658815823496,4.415358294140859e-05,-0.0060906924460902845,0.0018473722912242252
2022-06-06 00:00:00+00:00,-0.006635409254753366,-0.0048948026677332335,-0.008756888401697194,0.005134500787371543,0.03603167730710144,0.04859386327379567
2022-06-07 00:00:00+00:00,-0.06717506794948469,-0.06624085943993963,-0.00024999999999997247,-0.012847963046328514,-0.010527561408044894,-0.007897530049627899
2022-06-08 00:00:00+00:00,-0.020226235927777836,-0.018998452926341503,-0.03985997891961235,-0.005030451774627909,-0.01510408108630601,-0.02957591132367199
2022-06-09 00:00:00+00:00,-0.010317623995144465,-0.009822832859222586,-0.010753040873379582,-0.0020315795507201972,0.0020617009280501364,-0.003139901412921864
2022-06-10 00:00:00+00:00,-0.003830465950067752,-0.003581361290390328,-0.04295185412991742,-0.009138290238572822,-0.04803121686996259,-0.03381110484149308
2022-06-11 00:00:00+00:00,0.0,0.0,0.009321142367930468,-0.0020532920672803323,-0.07464368712010594,-0.022933547092864437
2022-06-12 00:00:00+00:00,-0.006252725540672466,-0.0047596110109831,0.07097962751700204,-0.0032420391527953063,-0.09248025709448815,-0.06509022082906701
2022-06-13 00:00:00+00:00,-0.001093216565424826,-0.0008434889226498488,0.02001947114582281,0.008380738380286745,-0.08835855434197104,-0.153798392671479
2022-06-14 00:00:00+00:00,-0.017612600756700347,-0.015889368812246008,0.005376340907190746,0.0014211392946255064,0.015269793486775596,-0.01560873395379947
2022-06-15 00:00:00+00:00,-0.01058644925515817,-0.009844685427543465,-0.013532830605242574,-0.0017471835520872503,0.07297746159756513,0.020206980264640073
2022-06-16 00:00:00+00:00,-0.009921777698978729,-0.00868326957497123,0.015186702266753338,-0.007094501187331792,-0.11865517272294068,-0.0966364265940235
2022-06-17 00:00:00+00:00,-0.003503420064452034,-0.0030042336228578437,-0.00248760709392426,0.00467471567001132,0.02024759818454691,0.0033086110646818323
2022-06-18 00:00:00+00:00,-0.007251537479471715,-0.0062573405861000575,0.023325797965749517,0.004122344433751923,-0.055686216354133844,-0.07318549539518948
2022-06-19 00:00:00+00:00,-0.003722281473442557,-0.0027249112008053133,-0.010764248755883443,0.006542743061406453,0.08422307914820282,0.08450939576053451
2022-06-20 00:00:00+00:00,0.0,0.0,-0.030047181008250656,-0.00444475468908101,0.025000354400878555,-5.346553903606832e-06
2022-06-21 00:00:00+00:00,0.0,0.0,0.02344618879538518,0.003679286021660344,0.027997618088387854,0.007272810343595948
2022-06-22 00:00:00+00:00,0.0,0.0,-0.0023540860661175333,-0.004428616145005115,-0.04543666407736402,-0.03549252250582868
2022-06-23 00:00:00+00:00,0.0,0.0,-0.01704303887571046,0.0006390606138040322,0.06905580396587574,0.056140712497854794
2022-06-24 00:00:00+00:00,-0.008207113381099584,-0.007711513126333447,-0.018405115995229537,0.0016257496695981644,0.052724242570919566,0.006042596611200102
2022-06-25 00:00:00+00:00,-0.0037308473037462875,-0.0029831376656880293,0.022932605051174004,0.00141999678830107,0.015582008200224928,0.011936326408380271
2022-06-26 00:00:00+00:00,-0.0016843384548711482,-0.0011853098498612047,0.016572900240674038,-0.0013239137414962077,-0.04796284878454515,-0.0210839883691879
2022-06-27 00:00:00+00:00,-0.0050660457710069995,-0.004070528421052044,0.0030031368454297436,0.0022241337209598644,-0.004574409129273094,-0.014046440571781615
2022-06-28 00:00:00+00:00,-0.0004350974514125694,6.494996549011312e-05,0.013936930049910812,-0.001419934516346033,-0.05038612158798583,-0.022237852994036578
2022-06-29 00:00:00+00:00,-0.007053012930375968,-0.006804714108903265,-0.006952332170446551,0.0012970603394486524,0.011015713368472957,-0.007804237304431916
2022-06-30 00:00:00+00:00,-0.0013843930670452975,-0.0008849074515242528,0.013861084392000844,0.014091433795646813,0.027201970021191846,-0.008984739360564431
2022-07-01 00:00:00+00:00,-0.00035533167183599,0.00039493377688337716,0.006090786255062985,-0.01943052579374005,-0.01972561356587299,-0.03321647901611602
2022-07-02 00:00:00+00:00,-0.004722440718473941,-0.003975260422147464,0.0,0.007331660846438881,-0.00745623788615124,-0.001399910787455938
2022-07-03 00:00:00+00:00,0.0,0.0,0.0,0.005303445827937958,0.0010212105701266072,0.003273288418677023
2022-07-04 00:00:00+00:00,0.0,0.0,0.0,0.0031035757414095144,0.05166619716308829,0.04767488634969341
2022-07-05 00:00:00+00:00,0.0,0.0,0.0,-0.002752025153195281,-0.023750669534080115,-0.0030083941510259393
2022-07-06 00:00:00+00:00,0.0,0.0,0.0,0.0036930694962404864,0.019182499741782655,0.019264634961734695
2022-07-07 00:00:00+00:00,0.0,0.0,0.0,-0.0004781354354144174,0.04896651342496949,0.05156796831045263
2022-07-08 00:00:00+00:00,0.0,0.0,0.0,0.001352978782353853,-0.010502903014826481,-0.0013979203680193342
2022-07-09 00:00:00+00:00,0.0,0.0,0.0,-0.006321730288866956,0.04062525455834076,-0.00013521805068261727
2022-07-10 00:00:00+00:00,0.0,0.0,0.0,0.0007650001963934727,-0.047286377215298936,-0.033779443428370026
2022-07-11 00:00:00+00:00,0.0,0.0,0.0,0.004435096351332657,-0.05862263977810167,-0.04308502301021999
2022-07-12 00:00:00+00:00,0.0,0.0,0.0,0.00034980279548091353,-0.0264438865379234,-0.03180086166780327
2022-07-13 00:00:00+00:00,0.0,0.0,0.0,-0.005344076616343618,0.058427578075689324,0.04687938951044268
2022-07-14 00:00:00+00:00,0.0,0.0,0.0,-0.0026843748657139344,0.04896623027628144,0.017493070130917943
2022-07-15 00:00:00+00:00,0.0,0.0,0.0,0.0022677924617435785,0.004583101754398022,0.011715084482662341
2022-07-16 00:00:00+00:00,0.0,0.0,0.0,0.0007369083399932919,0.0507536179990169,0.017549654249344293
2022-07-17 00:00:00+00:00,0.0,0.0,0.0,-0.0033119733708902865,-0.016873916137116307,-0.01875106154107431
2022-07-18 00:00:00+00:00,0.0,0.0,0.0,0.003029614483456289,0.0857492401859059,0.07858483635090852
2022-07-19 00:00:00+00:00,0.0,0.0,0.0,0.008532264450934024,0.016108437165702982,0.0429749944054596
2022-07-20 00:00:00+00:00,0.0,0.0,0.0,-0.0030505443545081334,-0.05397178212674025,-0.007407907637941413
2022-07-21 00:00:00+00:00,0.0,0.0,0.0,-0.003526182125172417,0.034195996684060814,-0.003062010997575415
2022-07-22 00:00:00+00:00,0.0,0.0,0.0,-0.0029857074107996207,-0.0333209347617438,-0.020186427288303666
2022-07-23 00:00:00+00:00,-0.03485633593888793,-0.03388037447564962,-0.0360700267313796,0.0014365147699955116,0.018036362957503327,-0.010304683790886782
2022-07-24 00:00:00+00:00,0.055675520448481786,0.055675520448481786,0.05573767430249954,-0.0013190827291288398,0.006478072293966575,0.005728457485546734
2022-07-25 00:00:00+00:00,-0.00109307519568147,-0.00109307519568147,0.005595432602725214,-0.007137333277211,-0.07390087313881266,-0.056191230345160714
2022-07-26 00:00:00+00:00,0.010913218664986735,0.010913218664986735,0.010995030619257218,-0.016019403046005798,0.016265174124677095,-0.0026385558563919442
2022-07-27 00:00:00+00:00,-0.01107707031556815,-0.01107707031556815,-0.015536217250866957,-0.003400384421138436,0.09905105041291318,0.07987797505207195
2022-07-28 00:00:00+00:00,0.0022700857500528304,0.0022700857500528304,0.001271624711765007,0.00707133316130415,0.050536399626474715,0.038796729760874005
2022-07-29 00:00:00+00:00,-0.034487655410848084,-0.034487655410848084,-0.03569191107532932,-0.005382821117110748,0.012690585304724111,-0.002901489036791105
2022-07-30 00:00:00+00:00,-0.013299835777650593,-0.013299835777650593,-0.014396195603703532,0.012155943129625646,0.024037529131027302,-0.005478311162522287
2022-07-31 00:00:00+00:00,0.04826504383176755,0.04826504383176755,0.04896322987316082,-0.012913953053622862,-0.001591948251330022,-0.014811252643958994
2022-08-01 00:00:00+00:00,0.013526415635808364,0.013526415635808364,0.013477774456789327,0.008875884703179349,-0.01600837117389653,-0.001086577611092432
2022-08-02 00:00:00+00:00,-0.01378460375268653,-0.01378460375268653,-0.011167758674145545,-0.0027643966737627146,-0.01917061022489963,-0.012043144213879975
2022-08-03 00:00:00+00:00,-0.013525756113666021,-0.013525756113666021,-0.012709685785735947,-0.00268015420812151,0.008952341541144992,-0.007369999464932553
2022-08-04 00:00:00+00:00,-0.004703780043149752,-0.004703780043149752,-0.006113823544606878,0.020452333065785977,0.012803413217072901,-0.008562837748709251
2022-08-05 00:00:00+00:00,-0.003350179092816985,-0.002350256223161762,-0.004498103351829208,0.004335143093204374,0.05536555051169745,0.030475207068211718
2022-08-06 00:00:00+00:00,0.0008340594459501638,0.0009110678035997299,0.0007151411021077969,0.00146127144663466,0.0014530595141963865,-0.015365629136743442
2022-08-07 00:00:00+00:00,-0.00020675554577143096,-0.00012981669402056806,-0.0016770519489059943,0.0009127764692955509,0.012700027859935625,0.009592140178206865
2022-08-08 00:00:00+00:00,0.000879217087089712,0.0009561533495472396,0.001007918777212291,0.0004317822231660884,0.02088697913928983,0.027427259142527305
2022-08-09 00:00:00+00:00,-0.002102765854813393,-0.002026002194567833,-0.003366004280924706,-0.0016407564241225359,-0.029237739456522083,-0.0277215455690889
2022-08-10 00:00:00+00:00,-0.0001340231064773656,-0.0001340231064773656,1.5073595861725408e-05,0.0002513389343283823,0.05780550421883124,0.034734416273038304
2022-08-11 00:00:00+00:00,0.002837878237128777,0.002837878237128777,0.0027652831422722013,0.0005968246531844468,-0.003804425229555153,-0.0008207380380356177
2022-08-12 00:00:00+00:00,-0.0036164186146701027,-0.0036164186146701027,-0.0050113791654522455,-0.0009592826041433522,0.020848349162058133,0.0196073515974291
2022-08-13 00:00:00+00:00,0.0016344354926931537,0.0016344354926931537,0.0022149704567291373,0.0026414804389918167,-0.005374321400033799,0.0015448489735976345
2022-08-14 00:00:00+00:00,-0.00985411752768317,-0.009473071354352602,0.0019967524426778294,0.001170378528119187,-0.014817161267086876,-0.005570061919579761
2022-08-15 00:00:00+00:00,0.007237825080908422,0.007392888994147473,0.007854606687234256,-0.00383339834780283,-0.017590432765267616,-0.008657392397688812
2022-08-16 00:00:00+00:00,0.0012096838856674452,0.0012096838856674452,0.0012300931506803447,-5.092657990701799e-05,0.0016071225074822948,-0.00996396735895877
2022-08-17 00:00:00+00:00,0.005201198155320164,0.005201198155320164,0.003614885971274795,0.003146679141174502,-0.039372213817737034,-0.021466593222144614
2022-08-18 00:00:00+00:00,0.003284317036040596,0.003284317036040596,-0.0002321179629392045,0.001541246571036936,-0.03818235058507846,-0.006488549291297052
2022-08-19 00:00:00+00:00,-0.005995463836303894,-0.005766016937665319,-0.0027758026520020573,-0.000808869194482531,-0.09107202717035146,-0.10162518541515697
2022-08-20 00:00:00+00:00,0.001301504517952523,0.0016867249371395054,0.0037518551108943754,-0.002900830701511037,0.010506552458827478,0.01467189584144224
2022-08-21 00:00:00+00:00,-0.0005599509453761975,-0.0004830099135713084,0.000373644661506356,0.0016536360728909294,0.03322108701220894,0.017764368802942077
2022-08-22 00:00:00+00:00,0.00043699354888704356,0.00043699354888704356,0.00032733585296074175,-0.0020383581798906203,-0.00936573059626744,-0.005381209270851506
2022-08-23 00:00:00+00:00,-0.002714290597268132,-0.002714290597268132,0.0015562525693977314,0.004037557267626113,0.010195613049261754,0.006041636779358317
2022-08-24 00:00:00+00:00,0.0022560811324661145,0.002333164403099719,0.002526553456871028,-0.004401600441732323,-0.0026214347218833645,-0.0074801013696796925
2022-08-25 00:00:00+00:00,-0.00331320062947138,-0.003083096435366084,-0.0028491370195423693,0.0027389824673298424,0.006936036610022622,0.008936694359062969
2022-08-26 00:00:00+00:00,0.009231452980579924,0.009696756899709502,-0.00020349735354086018,0.0010932819280504713,-0.08607204544045854,-0.061133983702429395
2022-08-27 00:00:00+00:00,0.003954499894088137,0.004263471709102573,0.00957534432835594,-0.003994865824805349,0.002852093744160955,-0.010051356031431147
2022-08-28 00:00:00+00:00,0.0023010553520526056,0.002917795363426956,0.0018921310530899405,0.0014036471089429181,-0.03527295081262327,-0.024054277957440084
2022-08-29 00:00:00+00:00,0.0011674644057273476,0.0011674644057273476,0.008227362010585049,-9.89381826141944e-05,0.05758673509505252,0.03733557787253883
2022-08-30 00:00:00+00:00,0.0025149030834490382,0.0025149030834490382,0.0036925602842972083,0.00389406370179457,-0.03646139440003704,-0.023369629784090074
2022-08-31 00:00:00+00:00,-0.0014413002296599364,-0.0014413002296599364,-0.003925084151241043,0.0005635516817990016,-0.003232044518783561,0.012031298740236673
2022-09-01 00:00:00+00:00,-0.003182529610103235,-0.003182529610103235,-0.0030480242478838626,-0.002325745481880692,0.012156116460131372,0.004061841334820571
2022-09-02 00:00:00+00:00,-0.0033340860190912425,-0.0031040465593278332,-0.005091545266926678,0.002393064638603004,-0.004390960106944841,-0.008921359901368553
2022-09-03 00:00:00+00:00,0.003775135314851852,0.004006770226097078,0.0006048296586962376,0.00018379128936785172,0.010356794560249849,-0.00601247202015176
2022-09-04 00:00:00+00:00,0.0020779254477301112,0.0025407180840948396,0.002430087002686099,-0.0003086133123000323,0.014641267156489057,0.008491369964552575
2022-09-05 00:00:00+00:00,0.0027433253484336895,0.0029438774979024807,0.001395476748363711,9.363115915062004e-05,0.00491936603103027,-0.010172847407290075
2022-09-06 00:00:00+00:00,0.0016215251003561804,0.0016215251003561804,-0.001177239815467801,0.002864309019660727,-0.07343907018509688,-0.050827808882629166
2022-09-07 00:00:00+00:00,-0.0015052770635508583,-0.0015052770635508583,0.00025497038577260156,0.000393454339579824,0.06057335281611609,0.026727711340929883
2022-09-08 00:00:00+00:00,-0.0022060924866845744,-0.0022060924866845744,-0.0015650248069803974,0.0019010609185445837,0.008107799072203603,0.0013958546279346784
2022-09-09 00:00:00+00:00,-0.0012984225140231231,-0.0012984225140231231,0.00036804442257354353,0.002524544366893755,0.05712635272374844,0.10560891770450698
2022-09-10 00:00:00+00:00,-0.0001363886412836246,-0.0001363886412836246,-0.00043809956672702377,-0.002011047603008742,0.00808011536896891,0.013493844366905927
2022-09-11 00:00:00+00:00,0.0012625663333913906,0.0012625663333913906,0.0013194368192464,0.0021615776210353044,0.000816548006752793,0.008246821696259232
2022-09-12 00:00:00+00:00,0.010557077451555319,0.010759229297414796,-0.0026516734995328806,0.008303048825835324,-0.004881941446652105,0.02606282989727715
2022-09-13 00:00:00+00:00,0.0,0.0,0.012553494737182813,-0.0036161334697105696,-0.0828216639735131,-0.09922288792421963
2022-09-14 00:00:00+00:00,0.0,0.0,-0.0007311773534349753,-0.002345711499764924,0.024269153675124278,0.002634139619312803
2022-09-15 00:00:00+00:00,0.0,0.0,0.0043994841583283595,-0.00325613137274261,-0.03868712708518662,-0.02594737354715626
2022-09-16 00:00:00+00:00,-0.004773540848921232,-0.004574610764087161,-0.00927428019644494,0.005750102838947058,0.005511490109147532,0.005147732094601398
2022-09-17 00:00:00+00:00,-0.007200001081683283,-0.006802792714365902,-0.0066522755057587535,-0.0010590324112598193,0.027516144423590072,0.015670115586797984
2022-09-18 00:00:00+00:00,-0.003951855811713978,-0.0033538865152342723,8.318815161434401e-05,0.003299441686563931,-0.08156069052444681,-0.03467501126102612
2022-09-19 00:00:00+00:00,-0.007229110361741564,-0.0064350558503772914,-0.007353551025363947,-0.0010566628208783513,0.020794129500905534,0.006223675305853993
2022-09-20 00:00:00+00:00,0.0,0.0,0.0005768121471663168,0.0011202325974624117,-0.02259542913356949,-0.03388541343562179
2022-09-21 00:00:00+00:00,0.0,0.0,-0.0012473064470521766,0.00019863986149659674,-0.023362647560086103,-0.021914701986754825
2022-09-22 00:00:00+00:00,0.0,0.0,-0.015661166720300823,-0.004283470832513792,0.06003139829855009,0.050931784007245406
2022-09-23 00:00:00+00:00,0.0,0.0,0.0010821993858167733,-0.004685179791376504,0.015524599907062342,-0.005758279072428318
2022-09-24 00:00:00+00:00,0.0008020676361715218,0.0010020466644418136,-0.0015929376042750354,0.002946942973264699,-0.012515077584891787,-0.019150426310956536
2022-09-25 00:00:00+00:00,0.0020159297449484637,0.0020159297449484637,-0.0019422673314968275,-0.0035963881521399177,-0.009106541833978521,-0.0059787003514713
2022-09-26 00:00:00+00:00,0.004232352363808367,0.004232352363808367,0.007395644291345649,0.0043371426324412266,0.015488575377134106,0.022355054239346694
2022-09-27 00:00:00+00:00,-0.000219228387125181,-0.000219228387125181,-0.002956924554201601,0.0009687327108944821,-0.005620129152891451,-0.007733065942992723
2022-09-28 00:00:00+00:00,0.0006435229792272068,0.0006435229792272068,0.0029094662199478094,0.001550767328707181,0.004940394162291639,0.017489791201171556
2022-09-29 00:00:00+00:00,0.0010006887512818974,0.0010006887512818974,0.0051350424190972355,-0.0012754253397941895,0.00766858891900668,0.00920474202099375
2022-09-30 00:00:00+00:00,0.0011339458516739231,0.0013342126942126331,-0.002602683743311518,0.0028786577094788157,-0.00290789532229474,-0.008621081274491793
2022-10-01 00:00:00+00:00,0.0,0.0,-0.0005297488764742786,0.0019135992478138686,-0.013104923322121986,-0.005748969886126609
2022-10-02 00:00:00+00:00,0.0,0.0,-0.00740397616443389,0.003644310663490913,-0.02460783219843732,-0.01316092683166803
2022-10-03 00:00:00+00:00,0.0,0.0,0.00820758879627026,0.0001591522362849318,0.03241174797245461,0.030030225431341817
2022-10-04 00:00:00+00:00,0.0,0.0,-0.0012556581914754394,0.000347158002058201,0.027758361911658147,0.03610663362725175
2022-10-05 00:00:00+00:00,0.0,0.0,0.0,-0.0041163692780522565,0.0018709010283934902,-0.008828871530970006
2022-10-06 00:00:00+00:00,0.0,0.0,0.0,0.0018328941004956967,-0.015489395517982674,-0.00980193727038059
2022-10-07 00:00:00+00:00,0.0,0.0,0.0,-0.004425623820034419,-0.005320927675148135,-0.02157142019781777
2022-10-08 00:00:00+00:00,0.0,0.0,0.0,-0.00020106131847208442,-0.008489676597940754,-0.0057413969930510955
2022-10-09 00:00:00+00:00,0.0,0.0,0.0,0.001753468964910354,0.008911672452161623,0.0010845629510001231
2022-10-10 00:00:00+00:00,0.0,0.0,0.0,0.0020316562669648874,-0.04018847663927827,-0.015800693656367715
2022-10-11 00:00:00+00:00,0.0,0.0,0.0,-0.0024611417928900314,-0.012974451279707644,-0.003756559081783628
2022-10-12 00:00:00+00:00,0.0,0.0,0.0,0.00028987031027893906,0.0015486197581759953,0.005012067156348499
2022-10-13 00:00:00+00:00,0.0,0.0,0.0,0.0014486433323879222,-0.011445372215588723,0.011464052417239579
2022-10-14 00:00:00+00:00,0.0,0.0,0.0,-0.0010371081471335364,-0.0034844624582304196,-0.010229608781979205
2022-10-15 00:00:00+00:00,0.0,0.0,0.0,0.0007924898670563785,0.0031527768082437735,-0.0056077797645408545
2022-10-16 00:00:00+00:00,0.0,0.0,0.0,-0.0048949375947717755,0.024666786783780648,0.010151871664484613
2022-10-17 00:00:00+00:00,0.0,0.0,0.0,-0.0033838333661861952,0.021527375634752488,0.014892815130370884
2022-10-18 00:00:00+00:00,0.0,0.0,0.0,-0.000841669136742329,-0.020121232387030008,-0.011377063569764978
2022-10-19 00:00:00+00:00,0.0,0.0,0.0,0.0014864872992979006,-0.032807472794179726,-0.01052751942316199
2022-10-20 00:00:00+00:00,0.0,0.0,0.0,0.001997120645564232,-0.00874863966056827,-0.00429042714457295
2022-10-21 00:00:00+00:00,0.0,0.0,0.0,-0.0015156766274657674,0.010941179060079964,0.006430549020265408
2022-10-22 00:00:00+00:00,0.0,0.0,0.0,-0.0016510757381973384,0.006625390716537671,0.002086163020230236
2022-10-23 00:00:00+00:00,0.0,0.0,0.0,0.0011514183645291443,0.017696631977495603,0.019060785707403882
2022-10-24 00:00:00+00:00,0.0,0.0,0.0,-0.0006862566876503218,-0.02406616880211243,-0.012298164575072379
2022-10-25 00:00:00+00:00,0.0,0.0,0.0,0.005608841197947134,0.03747791339515727,0.038818461933230575
2022-10-26 00:00:00+00:00,0.0,0.0,0.0,-0.0012772255818134237,0.026097069611110024,0.034438126958721726
2022-10-27 00:00:00+00:00,0.0,0.0,0.0,0.000776848387028739,-0.016495815184903173,-0.02293902392643099
2022-10-28 00:00:00+00:00,0.0,0.0,0.0,-0.00017314529555745306,0.03263754974097477,0.014620763326733455
2022-10-29 00:00:00+00:00,0.0,0.0,0.0,-0.005211992348438721,0.04538822255352648,0.010578462148111978
2022-10-30 00:00:00+00:00,0.0,0.0,0.0,0.0007785000922406748,-0.016420698802179445,-0.008755064352292896
2022-10-31 00:00:00+00:00,0.0,0.0,0.0,-0.005328322231319738,0.006638711152463506,-0.006629021092251164
2022-11-01 00:00:00+00:00,0.0,0.0,0.0,-0.001971194961191358,-0.004846959101601378,-0.00034747402973278607
2022-11-02 00:00:00+00:00,0.0,0.0,0.0,-0.009393951004454504,-0.019039823358048102,-0.01619733230747411
2022-11-03 00:00:00+00:00,0.0,0.0,0.0,-0.008858812001074412,0.055699783784925794,0.0027779101064715483
2022-11-04 00:00:00+00:00,0.0,0.0,0.0,0.0034860529324589606,0.06618155577065088,0.04655128559141941
2022-11-05 00:00:00+00:00,0.0,0.0,0.0,0.012361772950914451,0.0029102487363279472,0.007132886840308439
2022-11-06 00:00:00+00:00,0.0,0.0,0.0,-0.004237322595682547,-0.05482269950542196,-0.018488340265464642
2022-11-07 00:00:00+00:00,0.0,0.0,0.0,-0.00943689879721521,8.653948128900524e-05,-0.015041438697228404
2022-11-08 00:00:00+00:00,0.0,0.0,0.0,-0.0174418116614522,-0.1423452228399833,-0.09926118673428863
2022-11-09 00:00:00+00:00,0.0,0.0,0.0,-0.023424323504749323,-0.19257825055034272,-0.141499296660472
2022-11-10 00:00:00+00:00,0.0,0.0,0.0,0.00476264126676651,0.16226904222670502,0.10540476209915317
2022-11-11 00:00:00+00:00,0.0,0.0,0.0,-0.0012710779503173342,-0.0325860563352498,-0.030159392994208
2022-11-12 00:00:00+00:00,0.0,0.0,0.0,-0.001779181741477065,-0.04256436278682019,-0.015127434709738208
2022-11-13 00:00:00+00:00,0.0,0.0,0.0,-0.0011156795225232274,-0.017143061264130233,-0.028683541834204518
2022-11-14 00:00:00+00:00,0.0,0.0,0.0,-0.001273669827444035,0.032140914755184546,0.01773500675143791
2022-11-15 00:00:00+00:00,0.0,0.0,0.0,-0.003173748815784583,0.010976247481100376,0.016914508654312987
2022-11-16 00:00:00+00:00,0.0,0.0,0.0,-0.002930415608039083,-0.024945575591401203,-0.014071123044961276
2022-11-17 00:00:00+00:00,0.0,0.0,0.0,-0.002511816016525392,-0.004654793368789267,0.0017884192054604675
2022-11-18 00:00:00+00:00,0.0,0.0,0.0,-0.000756175249744917,0.0031043102001435674,0.00047266566662074183
2022-11-19 00:00:00+00:00,0.0,0.0,0.0,-0.001317767566440864,0.0011353255288084618,1.377208398545271e-05
2022-11-20 00:00:00+00:00,0.0,0.0,0.0,-0.004809890571438102,-0.04602114949131675,-0.02517562159145581
2022-11-21 00:00:00+00:00,0.0,0.0,0.0,-0.005885770122399658,-0.008866574794293092,-0.03064698717401415
2022-11-22 00:00:00+00:00,0.0,0.0,0.0,-0.0003679950381161312,0.03470744303723938,0.0282391363443677
2022-11-23 00:00:00+00:00,0.0,0.0,0.0,-0.0026304005066416503,0.05353904678432064,0.023181819862524877
2022-11-24 00:00:00+00:00,0.0,0.0,0.0,-0.0022538262581576207,-0.0015217432837388856,-0.0002505554682230571
2022-11-25 00:00:00+00:00,0.0,0.0,0.0,0.00022092966080755616,-0.007404295628496316,-0.004627401130794406
2022-11-26 00:00:00+00:00,0.0,0.0,0.0,-0.0031052915058704667,0.005144995627586857,-0.0038475645406707004
2022-11-27 00:00:00+00:00,0.0,0.0,0.0,-0.004782472304832308,-0.00023119894040146693,-0.0018099992891241756
2022-11-28 00:00:00+00:00,0.0,0.0,0.0,0.0003475331938969095,-0.012899339114753494,-0.013139746225829918
2022-11-29 00:00:00+00:00,0.0,0.0,0.0,-0.0036661724061710643,0.017863526308511846,0.014162787556335488
2022-11-30 00:00:00+00:00,0.0,0.0,0.0,0.004673370144345768,0.03931003052019366,0.04385638949723525
2022-12-01 00:00:00+00:00,0.0,0.0,0.0,0.0019224688310401916,-0.012713402170692167,-0.010852593039704539
2022-12-02 00:00:00+00:00,0.0,0.0,0.0,0.0012274096597755246,0.017415768546882093,0.006795516620066611
2022-12-03 00:00:00+00:00,0.0,0.0,0.0,-0.0012330841060635978,-0.022109246048507614,-0.012141997128606308
2022-12-04 00:00:00+00:00,0.0,0.0,0.0,0.0020631408080606928,0.015591582498223788,0.013058773363655352
2022-12-05 00:00:00+00:00,0.0,0.0,0.0,-0.005123825638203794,0.017752472971232836,-0.008146407337904393
2022-12-06 00:00:00+00:00,0.0,0.0,0.0,0.0023167895331068777,-0.0036954332128629197,0.007226657471995468
2022-12-07 00:00:00+00:00,0.0,0.0,0.0,-0.0038025303117472653,-0.029693201223300658,-0.014765088103664392
2022-12-08 00:00:00+00:00,0.0,0.0,0.0,-0.002381141332246317,0.022442334720745416,0.023012905187733468
2022-12-09 00:00:00+00:00,0.0,0.0,0.0,-0.0016458666879882733,0.01465413877116628,-0.005546879082217293
2022-12-10 00:00:00+00:00,0.0,0.0,0.0,0.001159628252173972,-0.014662847825976932,-6.246876561644132e-05
2022-12-11 00:00:00+00:00,0.0,0.0,0.0,0.00026670902439862587,-0.01339545508977047,-0.0024778878866666965
2022-12-12 00:00:00+00:00,0.0,0.0,0.0,-0.002008203112653373,-0.005445217546453218,0.007303461213165274
2022-12-13 00:00:00+00:00,0.0,0.0,0.0,0.0003945504737374872,0.013242818259217914,0.032822520617578066
2022-12-14 00:00:00+00:00,0.0,0.0,0.0,-0.0022150041558458566,-0.006866883112494837,0.0016005896020745425
2022-12-15 00:00:00+00:00,0.0,0.0,0.0,0.003240483723744747,-0.022918171961789913,-0.025097244027040277
2022-12-16 00:00:00+00:00,0.0,0.0,0.0,-0.006515547189173354,-0.10352279514850649,-0.04172653912057522
2022-12-17 00:00:00+00:00,0.0,0.0,0.0,0.0005267182305042084,0.037726880529138196,0.008681996041394413
2022-12-18 00:00:00+00:00,0.0,0.0,0.0,0.001675290423142739,-0.01499993651418785,-0.0022835486739796185
2022-12-19 00:00:00+00:00,0.0,0.0,0.0,-0.004080943147817484,-0.038970307943111404,-0.017883035282746707
2022-12-20 00:00:00+00:00,0.0,0.0,0.0,-0.0005085602326229122,0.03864661239068545,0.027780481395327294
2022-12-21 00:00:00+00:00,0.0,0.0,0.0,-0.0013315271156435493,-0.007352309041611549,-0.004195776878659796
2022-12-22 00:00:00+00:00,0.0,0.0,0.0,-0.0006878215099768159,0.0041196085074513,-0.00019257435658437405
2022-12-23 00:00:00+00:00,0.0,0.0,0.0,-0.0028237247986788727,-0.008251544467291483,-0.002552101694088371
2022-12-24 00:00:00+00:00,0.0,0.0,0.0,-0.0005792793753781611,0.002209993259010945,0.003434156807819999
2022-12-25 00:00:00+00:00,0.0,0.0,0.0,-0.0005493913477030432,0.003980592437223818,-0.0002381783926460601
2022-12-26 00:00:00+00:00,0.0,0.0,0.0,0.0006597458360655395,0.011776887488741394,0.005185327329727318
2022-12-27 00:00:00+00:00,0.0,0.0,0.0,0.0006852269449590942,-0.010816716869193721,-0.012590879458419635
2022-12-28 00:00:00+00:00,0.0,0.0,0.0,-0.0044400065540677325,-0.03659077588449,-0.009520326390669243
2022-12-29 00:00:00+00:00,0.0,0.0,0.0,0.001111408932368052,-0.0029065690025376067,0.005206888612107496
2022-12-30 00:00:00+00:00,0.0,0.0,0.0,0.0015927214252575705,-0.0060951251211776025,-0.0015625122118237966
2022-12-31 00:00:00+00:00,0.0,0.0,0.0,0.0007868674530540076,-0.004977414804546609,-0.003918716144773127
2023-01-01 00:00:00+00:00,0.0,0.0,0.0,0.0011118020835227949,0.005118329945756006,0.004494511074571994
2023-01-02 00:00:00+00:00,0.0,0.0,0.0,0.0023766042648249996,0.02264629842126964,0.003377315058600505
2023-01-03 00:00:00+00:00,0.0,0.0,0.0,0.0015443471668104003,0.01011105200593354,0.00013854843227378844
2023-01-04 00:00:00+00:00,0.0,0.0,0.0,0.0019811291255278363,0.036962202570513636,0.0105054338244015
2023-01-05 00:00:00+00:00,0.0,0.0,0.0,-8.501012787531792e-05,-0.016645734470584483,-0.0010984928511899028
2023-01-06 00:00:00+00:00,0.0,0.0,0.0,-0.00032415719101464013,0.022784460228861825,0.0070580476893511435
2023-01-07 00:00:00+00:00,0.0,0.0,0.0,0.0009021090530432208,0.010471304178779395,-0.00041768309769996126
2023-01-08 00:00:00+00:00,0.0,0.0,0.0,0.002782068573761398,0.028829957922964944,0.010874921873017751
2023-01-09 00:00:00+00:00,0.0,0.0,0.0,0.005838247733914725,0.02933494766269118,0.0029443309514400884
2023-01-10 00:00:00+00:00,0.0,0.0,0.0,0.0013310415472778114,0.02426959058731959,0.015275120995956293
2023-01-11 00:00:00+00:00,0.0,0.0,0.0,-0.0013626806973339178,0.021018817177195226,0.028817716760719758
2023-01-12 00:00:00+00:00,0.0,0.0,0.0,-0.0032751045669601186,0.02759637073614485,0.05034536644957366
2023-01-13 00:00:00+00:00,0.0,0.0,0.0,-7.272983939543565e-06,0.054772960249956926,0.05748457813655872
2023-01-14 00:00:00+00:00,0.0,0.0,0.0,-0.0009073370397267855,0.07044883071887642,0.05142546340920062
2023-01-15 00:00:00+00:00,0.0,0.0,0.0,0.0007522254194731737,-0.011824085926874783,-0.003980926674976737
2023-01-16 00:00:00+00:00,0.0,0.0,0.0,-0.0016630777704891297,0.0011686073224403959,0.015051625422227044
2023-01-17 00:00:00+00:00,0.0,0.0,0.0,0.003039284693064026,0.006923385347580524,-0.0023997375582067715
2023-01-18 00:00:00+00:00,0.0,0.0,0.0,-0.00397529035860722,-0.06141707205314262,-0.021639181994065337
2023-01-19 00:00:00+00:00,0.0,0.0,0.0,-0.0034202080429424075,0.03474561322041314,0.01906035893172575
2023-01-20 00:00:00+00:00,0.0,0.0,0.0,-0.005525064951206415,0.08129374125199962,0.07572375886205052
2023-01-21 00:00:00+00:00,0.0,0.0,0.0,-0.0009350599566051443,-0.014403156797902383,0.005132524029203944
2023-01-22 00:00:00+00:00,0.0,0.0,0.0,0.004638540605014896,0.025570420649628334,-0.003321255906126308
2023-01-23 00:00:00+00:00,0.0,0.0,0.0,0.0022592101780460894,0.018900233060569427,0.009184917306239715
2023-01-24 00:00:00+00:00,0.0,0.0,0.0,0.0014475859884588438,-0.04844775596289319,-0.012373644259910277
2023-01-25 00:00:00+00:00,0.0,0.0,0.0,0.0021708325099809578,0.05019434848260018,0.01891274158978362
2023-01-26 00:00:00+00:00,0.0,0.0,0.0,0.007770658086345472,0.007077208037023164,-0.002224107083232396
2023-01-27 00:00:00+00:00,0.0,0.0,0.0,0.0009526320072374972,0.018561097445580987,0.002803606313004803
2023-01-28 00:00:00+00:00,0.0,0.0,0.0,-0.0022507895753454132,-0.012631513011663653,-0.0022345342148963887
2023-01-29 00:00:00+00:00,0.0,0.0,0.0,-0.0016565148588463252,0.042116168350148975,0.031260587422791586
2023-01-30 00:00:00+00:00,0.0,0.0,0.0,-0.009710679472640371,-0.05370451977079416,-0.03858724723383988
2023-01-31 00:00:00+00:00,0.0,0.0,0.0,-0.009857328255945763,0.02775703713987321,0.013098135252769927
2023-02-01 00:00:00+00:00,0.0,0.0,0.0,-0.0019512770454450656,0.04908492005546661,0.026271419879584368
2023-02-02 00:00:00+00:00,0.0,0.0,0.0,0.003720572877503159,-0.014719495017742723,-0.010269392474337002
2023-02-03 00:00:00+00:00,0.0,0.0,0.0,0.0015580893320095157,0.030461257444303946,-0.00242837692973763
2023-02-04 00:00:00+00:00,0.0,0.0,0.0,-0.0005079012729134469,0.008591818513808969,-0.004483631288969003
2023-02-05 00:00:00+00:00,0.0,0.0,0.0,0.0013205754300511519,-0.013662546274747611,-0.016887413811728536
2023-02-06 00:00:00+00:00,0.0,0.0,0.0,-0.0010633820181987774,-0.016263166032225107,-0.0074299336630202495
2023-02-07 00:00:00+00:00,0.0,0.0,0.0,0.0018899189843695208,0.08385607480027057,0.020996796488262026
2023-02-08 00:00:00+00:00,0.0,0.0,0.0,-0.0003316084593020241,-0.030644312680684793,-0.011938662143520018
2023-02-09 00:00:00+00:00,0.0,0.0,0.0,0.002567043546975345,-0.09688633992335616,-0.05080564386186537
2023-02-10 00:00:00+00:00,0.0,0.0,0.0,-0.003191802609592398,0.006251499606824806,-0.007852690932197426
2023-02-11 00:00:00+00:00,0.0,0.0,0.0,0.0010386419679717651,0.03555825057568063,0.010976088533787731
2023-02-12 00:00:00+00:00,0.0,0.0,0.0,0.0017668030929665068,-0.015122195337102129,-0.0036139425638823663
2023-02-13 00:00:00+00:00,0.0,0.0,0.0,-0.0030680976539813054,-0.021614030973312937,-0.00043932253435263746
2023-02-14 00:00:00+00:00,0.0,0.0,0.0,-0.002681016510699741,0.04607886550933826,0.01955867487646934
2023-02-15 00:00:00+00:00,0.0,0.0,0.0,-0.0009194635851356159,0.07508272743385258,0.09568582476270104
2023-02-16 00:00:00+00:00,0.0,0.0,0.0,0.0014928764266066707,-0.0546658506004144,-0.03314949607487272
2023-02-17 00:00:00+00:00,0.0,0.0,0.0,0.0023213844294944774,0.06757719040164156,0.04474285772600384
2023-02-18 00:00:00+00:00,0.0,0.0,0.0,0.004762446276479704,0.009855351568395232,0.002522591602676094
2023-02-19 00:00:00+00:00,0.0,0.0,0.0,-0.0037600970289645153,0.0019438926016670521,-0.014622878010063789
2023-02-20 00:00:00+00:00,0.0,0.0,0.0,0.005344354078772762,0.025232363203919084,0.02350220997570629
2023-02-21 00:00:00+00:00,0.0,0.0,0.0,0.0015859754588414265,-0.02845192341425984,-0.01570070283630165
2023-02-22 00:00:00+00:00,0.0,0.0,0.0,-0.0019674161901130915,-0.0128894226401568,-0.011039924489289588
2023-02-23 00:00:00+00:00,0.0,0.0,0.0,0.002470121420201421,-0.006305606463555824,-0.010007770174850883
2023-02-24 00:00:00+00:00,0.0,0.0,0.0,0.003764455142784451,-0.04290667658086578,-0.03153315344065599
2023-02-25 00:00:00+00:00,0.0,0.0,0.0,0.001930755855759525,-0.0183907182250429,-0.0012171510470655456
2023-02-26 00:00:00+00:00,0.0,0.0,0.0,4.535460347310227e-05,0.02708580652084902,0.017177475388726382
2023-02-27 00:00:00+00:00,0.0,0.0,0.0,0.003280693912721455,-0.012014345363343337,-0.002664419429544984
2023-02-28 00:00:00+00:00,0.0,0.0,0.0,0.002378577979367691,-0.021279908222319732,-0.014920766947513098
2023-03-01 00:00:00+00:00,0.0,0.0,0.0,-0.004356782208223997,0.03779069604228047,0.021061665219775483
2023-03-02 00:00:00+00:00,0.0,0.0,0.0,0.000446153836596741,-0.021984015584651462,-0.006925820296016294
2023-03-03 00:00:00+00:00,0.0,0.0,0.0,-0.0016985443426058566,-0.0559813411133937,-0.047345614719937146
2023-03-04 00:00:00+00:00,0.0,0.0,0.0,0.000201718839931031,-0.021883172241612625,-0.0003475835117476844
2023-03-05 00:00:00+00:00,0.0,0.0,0.0,0.0006660461705214615,-0.0011962764814055227,0.0037441987741311245
2023-03-06 00:00:00+00:00,0.0,0.0,0.0,-3.271401664306506e-05,-0.005627914851756066,-0.0009023532516830857
2023-03-07 00:00:00+00:00,0.0,0.0,0.0,0.0005979942117806392,-0.018285927546981218,-0.009461847389558464
2023-03-08 00:00:00+00:00,0.0,0.0,0.0,-0.0008226213917307268,-0.04973269930148794,-0.02218762444837341
2023-03-09 00:00:00+00:00,0.0,0.0,0.0,0.004431839304806617,-0.055826470342324686,-0.061884025387184516
2023-03-10 00:00:00+00:00,0.0,0.0,0.0,-4.418858525068181e-05,0.002020366194572132,-0.010388356475864113
2023-03-11 00:00:00+00:00,0.0,0.0,0.0,-0.002360847216640094,-0.018438388547776685,0.015137943167206291
2023-03-12 00:00:00+00:00,0.0,0.0,0.0,-0.00022018597037021248,0.09017176610549349,0.07535199183798325
2023-03-13 00:00:00+00:00,0.0,0.0,0.0,-0.0029467521938160157,0.044892039677987494,0.096211275026584
2023-03-14 00:00:00+00:00,0.0,0.0,0.0,0.0022496849226087967,0.032681486116556524,0.023096210086640312
2023-03-15 00:00:00+00:00,0.0,0.0,0.0,-0.005318275330471578,-0.06747183558290537,-0.015595606234351966
2023-03-16 00:00:00+00:00,0.0,0.0,0.0,0.002385370042317758,0.02669590671220634,0.029363830342678865
2023-03-17 00:00:00+00:00,0.0,0.0,0.0,0.0008184795083181484,0.08163183023615628,0.09585867790348312
2023-03-18 00:00:00+00:00,0.0,0.0,0.0,-0.001225252292081258,-0.03272549184407314,-0.01780024405797631
2023-03-19 00:00:00+00:00,0.0,0.0,0.0,-0.0013611995465264703,0.02025147058986221,0.03959417991049907
2023-03-20 00:00:00+00:00,0.0,0.0,0.0,-0.0024487937319898068,-0.04187614116303939,-0.009146719660870994
2023-03-21 00:00:00+00:00,0.0,0.0,0.0,-2.4668932297911006e-05,0.047263389975988446,0.014015220256442085
2023-03-22 00:00:00+00:00,0.0,0.0,0.0,0.001090291283424527,-0.034225809720802025,-0.03040333429755815
2023-03-23 00:00:00+00:00,0.0,0.0,0.0,0.0019733427938184445,0.04032283857293839,0.03832670910429936
2023-03-24 00:00:00+00:00,0.0,0.0,0.0,0.000546402045840999,-0.039028691899030465,-0.02972001465962104
2023-03-25 00:00:00+00:00,0.0,0.0,0.0,-0.0005950386980053679,-0.013095617628030909,0.00030887502108045695
2023-03-26 00:00:00+00:00,0.0,0.0,0.0,0.00029650040464512806,0.021627243812688768,0.018392051837111012
2023-03-27 00:00:00+00:00,0.0,0.0,0.0,0.0013183867990484988,-0.041850482493984154,-0.030146542215134242
2023-03-28 00:00:00+00:00,0.0,0.0,0.0,0.00019638821015810493,0.019736521223697734,0.005019740157663932
2023-03-29 00:00:00+00:00,0.0,0.0,0.0,0.001334592655925837,0.04006650216333241,0.03989315166279228
2023-03-30 00:00:00+00:00,0.0,0.0,0.0,0.0008150368139359099,-0.016405511665897765,-0.011290504645733335
2023-03-31 00:00:00+00:00,0.0,0.0,0.0,-0.0005214896094609678,0.029186745520256574,0.015585191231935136
2023-04-01 00:00:00+00:00,0.0,0.0,0.0,0.0024809024825795944,0.0037714056605731017,-0.00044369718141523684
2023-04-02 00:00:00+00:00,0.0,0.0,0.0,0.0010268771562620405,-0.021344573462895977,-0.0098711090289052
2023-04-03 00:00:00+00:00,0.0,0.0,0.0,-0.0010983711077442448,0.00622504851960981,-0.013200046713264357
2023-04-04 00:00:00+00:00,0.0,0.0,0.0,0.0006282466159905908,0.00927398095892773,0.013146402877697305
2023-04-05 00:00:00+00:00,0.0,0.0,0.0,0.0015795397074434003,0.010557122762693272,0.00016119028015548764
2023-04-06 00:00:00+00:00,0.0,0.0,0.0,-9.407231922353709e-05,-0.01562524440164248,-0.004834574073633635
2023-04-07 00:00:00+00:00,0.0,0.0,0.0,-0.0005648362238996896,-0.005549987122547062,-0.00454772128807357
2023-04-08 00:00:00+00:00,0.0,0.0,0.0,-0.0005271775639550391,-0.006095011716175214,0.0011484849494722837
2023-04-09 00:00:00+00:00,0.0,0.0,0.0,-0.00065585168889426,0.010681042751640168,0.01379392792280787
2023-04-10 00:00:00+00:00,0.0,0.0,0.0,-0.0009104481001156461,0.027546084534460613,0.046377317135860796
2023-04-11 00:00:00+00:00,0.0,0.0,0.0,-0.0017111364369855053,0.004991665325103645,0.018999005983665995
2023-04-12 00:00:00+00:00,0.0,0.0,0.0,0.0007297063548519223,-0.0021629024988250034,-0.01034257139470196
2023-04-13 00:00:00+00:00,0.0,0.0,0.0,-0.0020508115452361197,0.023304455393136303,0.016252973176253294
2023-04-14 00:00:00+00:00,0.0,0.0,0.0,-0.002920787031747585,0.026899097063366906,0.003064808400912833
2023-04-15 00:00:00+00:00,0.0,0.0,0.0,-0.002072167530888902,0.005080044937298744,-0.005640213831848762
2023-04-16 00:00:00+00:00,0.0,0.0,0.0,-0.000935835912848848,0.021292338071775996,0.00031556268689025835
2023-04-17 00:00:00+00:00,0.0,0.0,0.0,-0.0028276453446084426,-0.01915096507324132,-0.0288529978072668
2023-04-18 00:00:00+00:00,0.0,0.0,0.0,-0.0023649537157405254,0.021953367812536317,0.0322708558229341
2023-04-19 00:00:00+00:00,0.0,0.0,0.0,0.0011788608529381683,-0.08390557961035983,-0.052103669485297766
2023-04-20 00:00:00+00:00,0.0,0.0,0.0,0.0024884485446532434,-0.027096038078227247,-0.019218949130293428
2023-04-21 00:00:00+00:00,0.0,0.0,0.0,0.004637112694868772,-0.045975281471698604,-0.03472674388756447
2023-04-22 00:00:00+00:00,0.0,0.0,0.0,5.1026684264599e-05,0.026067761266159506,0.020321067064179354
2023-04-23 00:00:00+00:00,0.0,0.0,0.0,0.0017098921548788226,-0.017401860955794657,-0.008133559335439466
2023-04-24 00:00:00+00:00,0.0,0.0,0.0,-0.006634646371694419,-0.0077449827971548535,-0.0028875776532579778
2023-04-25 00:00:00+00:00,0.0,0.0,0.0,-0.002010532996700176,0.025895623695236125,0.0287107705919063
2023-04-26 00:00:00+00:00,0.0,0.0,0.0,0.0005276645978034011,-0.01805983089235086,0.004045823455811837
2023-04-27 00:00:00+00:00,0.0,0.0,0.0,0.0005301199152643044,0.025637068648056927,0.03721517535101748
2023-04-28 00:00:00+00:00,0.0,0.0,0.0,0.000995513342316734,5.694291539848351e-06,-0.005465044513971673
2023-04-29 00:00:00+00:00,0.0,0.0,0.0,0.005142921871617023,0.014805232621688313,-0.002771930662500144
2023-04-30 00:00:00+00:00,0.0,0.0,0.0,-0.005192884230488581,-0.016110599990515673,9.442208382037798e-05
2023-05-01 00:00:00+00:00,0.0,0.0,0.0,-0.008296330184368483,-0.018897131777191878,-0.039850225137779804
2023-05-02 00:00:00+00:00,0.0,0.0,0.0,-0.0005275372835531478,0.023944005231815613,0.021433462565902506
2023-05-03 00:00:00+00:00,0.0,0.0,0.0,0.000318353607230204,0.00499361430487455,0.0124276853810934
2023-05-04 00:00:00+00:00,0.0,0.0,0.0,-0.0005972829955019909,-0.011705070049341737,-0.006476915995777488
2023-05-05 00:00:00+00:00,0.0,0.0,0.0,-0.0023588734268042977,0.014256907592994361,0.023144680520532868
2023-05-06 00:00:00+00:00,0.0,0.0,0.0,-0.0005862457512709751,-0.04678111673687235,-0.0222808476083024
2023-05-07 00:00:00+00:00,0.0,0.0,0.0,0.00032279397197299,-0.015743570710066934,-0.014493105289065666
2023-05-08 00:00:00+00:00,0.0,0.0,0.0,-0.0007058087589962847,-0.058886548277426676,-0.026778308904999215
2023-05-09 00:00:00+00:00,0.0,0.0,0.0,0.0023443099081563723,-0.0015534315203433735,-0.0014644659199051224
2023-05-10 00:00:00+00:00,0.0,0.0,0.0,-0.0002240339313576145,0.013259599429652935,-0.0010684708090646922
2023-05-11 00:00:00+00:00,0.0,0.0,0.0,-0.00013468876712130484,-0.04212688823896682,-0.022831831151772897
2023-05-12 00:00:00+00:00,0.0,0.0,0.0,0.0010656513169409187,0.019476249939146983,-0.0064374817843847465
2023-05-13 00:00:00+00:00,0.0,0.0,0.0,-0.0010537857648077464,-0.010000490350261737,-0.00073633113031224
2023-05-14 00:00:00+00:00,0.0,0.0,0.0,0.00017388632573833718,0.010097358634586717,0.005316097534742603
2023-05-15 00:00:00+00:00,0.0,0.0,0.0,-0.0004501312402707125,0.006957913697561491,0.009084012628159055
2023-05-16 00:00:00+00:00,0.0,0.0,0.0,0.0005571791400946768,0.0014433490934573356,-0.0047234864410534705
2023-05-17 00:00:00+00:00,0.0,0.0,0.0,0.0007903837397593705,0.024193629317725396,0.013752023389943302
2023-05-18 00:00:00+00:00,0.0,0.0,0.0,0.00024920107181736206,-0.012863270996003817,-0.021321546938746105
2023-05-19 00:00:00+00:00,0.0,0.0,0.0,0.00017882843921857017,0.008131188920498467,0.0021990001968577033
2023-05-20 00:00:00+00:00,0.0,0.0,0.0,-5.8905180206125785e-05,-0.0007482243759129314,0.008265173030322037
2023-05-21 00:00:00+00:00,0.0,0.0,0.0,-0.001994213785724619,-0.021806920489400028,-0.013085542514084336
2023-05-22 00:00:00+00:00,0.0,0.0,0.0,-4.299433109977713e-05,0.003829163952474568,0.0037943335858161564
2023-05-23 00:00:00+00:00,0.0,0.0,0.0,-0.00025680299628583203,0.0116383935685207,0.01379329866324075
2023-05-24 00:00:00+00:00,0.0,0.0,0.0,-0.0008787284056845923,-0.035974073077839286,-0.03271905806144948
2023-05-25 00:00:00+00:00,0.0,0.0,0.0,0.0009413180365729357,-0.001248310752552162,0.005498877473934405
2023-05-26 00:00:00+00:00,0.0,0.0,0.0,-0.0012762264468424434,0.015007529995015645,0.008768294981564617
2023-05-27 00:00:00+00:00,0.0,0.0,0.0,0.0008450496146588105,0.010264922653085984,0.005554948116372804
2023-05-28 00:00:00+00:00,0.0,0.0,0.0,-0.0011633412999570991,0.02928549170750072,0.04508519501740249
2023-05-29 00:00:00+00:00,0.0,0.0,0.0,0.000558871722263099,-0.008652446867970842,-0.01170853376091241
2023-05-30 00:00:00+00:00,0.0,0.0,0.0,0.0003574002360511308,0.0052300338720794315,-0.0015142556351936953
2023-05-31 00:00:00+00:00,0.0,0.0,0.0,-0.00012677817730533114,-0.019784305293057747,-0.01747826275348152
2023-06-01 00:00:00+00:00,0.0,0.0,0.0,-0.0007046101634480273,-0.00828084864904266,-0.014421718206492184
2023-06-02 00:00:00+00:00,0.0,0.0,0.0,-0.00017385724382423806,0.02706835551125164,0.015834928348311017
2023-06-03 00:00:00+00:00,0.0,0.0,0.0,0.000486768444606378,-0.0031993828693097637,-0.006363932357386304
2023-06-04 00:00:00+00:00,0.0,0.0,0.0,0.000440251847386941,-0.00032429359253793866,0.0016989776580205174
2023-06-05 00:00:00+00:00,0.0,0.0,0.0,-0.0007239065714528259,-0.07507896225325728,-0.05115247125137623
2023-06-06 00:00:00+00:00,0.0,0.0,0.0,-7.257626999379596e-05,0.031016210987623527,0.05837485716062574
2023-06-07 00:00:00+00:00,0.002698498490198542,0.002948578527860235,0.007855227674455678,-0.001340566355533257,-0.04618430772759907,-0.03271161891555274
2023-06-08 00:00:00+00:00,4.2723959450041704e-05,4.2723959450041704e-05,-0.0012980302363883034,0.0006767662599032054,0.0041073657654944196,0.006046848554291939
2023-06-09 00:00:00+00:00,0.0008806342106129073,0.0011309236336285444,0.0037899371818572725,-0.0027012373140803403,-0.013236008778988673,-0.0007849468330594078
2023-06-10 00:00:00+00:00,0.008456216028071895,0.008707418125061928,0.014157010709904272,-0.004911492286376884,-0.12036232149128778,-0.024042773930321726
2023-06-11 00:00:00+00:00,0.0018867603923080623,0.0018867603923080623,0.0,2.0296897722538176e-05,-0.0008957191406958609,0.003263779056786875
2023-06-12 00:00:00+00:00,-0.00027739481472544014,-2.7742280487519366e-05,0.0,0.0036331933712923092,0.006071241111980985,-0.0007853256729376534
2023-06-13 00:00:00+00:00,-0.004859011674748337,-0.004859011674748337,0.0,0.0004576262407705034,0.017665135001858623,0.0011217829323000306
2023-06-14 00:00:00+00:00,0.005781174221306085,0.005781174221306085,0.007592423928576952,0.0001714227663209833,-0.03644861145297795,-0.031065097313398016
2023-06-15 00:00:00+00:00,-0.003911743143590218,-0.003661928725358643,-0.0028135562625406507,0.0005586094952811926,0.00956814191652322,0.018699410233759206
2023-06-16 00:00:00+00:00,-0.006135424304459902,-0.005390390835574799,-0.0051600528976649684,-0.005404871729445371,0.021939895289443623,0.029162266993092212
2023-06-17 00:00:00+00:00,0.008491038530922701,0.008743186417283333,0.007345379381517914,0.005840692317104157,0.010855179950699068,0.006528373505408025
2023-06-18 00:00:00+00:00,-0.0045178542526953525,-0.004020568104325606,-0.001710731085535988,0.0015163080441671362,-0.011783224975934758,-0.006675719981792505
2023-06-19 00:00:00+00:00,0.003658758974033116,0.003658758974033116,0.005558054306636695,0.0003975776106208695,0.008635493214856016,0.019148844892382222
2023-06-20 00:00:00+00:00,-0.00586395516145144,-0.005368099624160072,-0.009881019082253695,0.0006722037617756804,0.03281674275953961,0.05452320506922326
2023-06-21 00:00:00+00:00,-0.05411748920350057,-0.053407331890947485,-0.08995023261931678,-0.014642829606239638,0.05244690176683475,0.05955562369493572
2023-06-22 00:00:00+00:00,0.0,0.0,0.0031037970459213415,0.000590431002631675,-0.01125223165909972,-0.0036330732692572143
2023-06-23 00:00:00+00:00,0.0,0.0,0.0,-0.007574573815800956,0.05066625326299934,0.02688914676699805
2023-06-24 00:00:00+00:00,0.0,0.0,0.0,-0.0006914626862316586,-0.0020264961246297952,-0.00524854587223178
2023-06-25 00:00:00+00:00,-0.0059766288804171674,-0.005478060895641179,-0.0061606704143425395,-0.0007436516437382412,0.019416014541116633,-0.002121698420077034
2023-06-26 00:00:00+00:00,0.00024963821647050466,0.0004990375052531526,0.011501031694567176,-0.0010304162738445921,-0.011529257972910045,-0.006390446533560246
2023-06-27 00:00:00+00:00,-0.004703586800396953,-0.004703586800396953,-0.004854871173030184,-8.14352012469266e-05,0.01650371249685567,0.014023065291089543
2023-06-28 00:00:00+00:00,0.003922659023426034,0.003922659023426034,-0.010897212309743165,0.0014553068417881843,-0.05291567272430031,-0.020038485047133237
2023-06-29 00:00:00+00:00,-0.012481584704217785,-0.011740893048234557,-0.07647596635853615,-0.0056179309356072515,0.028092409852231937,0.012298266373335531
2023-06-30 00:00:00+00:00,-0.0035732559428127697,-0.0030745518187007548,-0.18564863242514762,-0.007173239613283644,0.06432174640626087,0.0008109090753820603
2023-07-01 00:00:00+00:00,0.004200797963809011,0.004401120790000768,0.042427431868373056,0.0005765383551894487,0.015836132097476474,0.0037378577054349993
2023-07-02 00:00:00+00:00,0.001992975947236575,0.001992975947236575,0.002982561502401726,0.002685256005546144,-0.00020943832797437612,0.001017789242755418
2023-07-03 00:00:00+00:00,-0.001399519362725532,-0.001399519362725532,-0.005523304057288514,0.0064303438325428175,0.014446436357371528,0.017610133967924657
2023-07-04 00:00:00+00:00,-0.0015940299903240973,-0.0015940299903240973,-0.002654509182705822,0.0011452393601585342,-0.012462538441699533,-0.012507622880839175
2023-07-05 00:00:00+00:00,-0.00036615573743525864,-0.00036615573743525864,0.004473249772636967,-0.0009935733251670298,-0.024664858064635364,-0.008506002143239377
2023-07-06 00:00:00+00:00,-0.0008744324896741151,-0.0008744324896741151,0.0005651953325727099,0.0029719534490866284,-0.03688740010287317,-0.019976521735424302
2023-07-07 00:00:00+00:00,-0.0010037550397929973,-0.0010037550397929973,-0.0025726875377141134,-0.002838846763916547,0.02006863584661711,0.015028049437656454
2023-07-08 00:00:00+00:00,0.0054735422181626525,0.0054735422181626525,0.011547951217546482,0.0009656331775094174,-0.0024984858328465087,-0.0019795878687227653
2023-07-09 00:00:00+00:00,-0.003024983756377053,-0.003024983756377053,-0.009616704761992834,0.0015342356508678545,-0.011901331431657503,-0.004091844608965056
2023-07-10 00:00:00+00:00,0.0017842133257284232,0.001984856591378925,0.0009939171928381452,0.005701079546019505,0.007106927203574198,0.008317443455409856
2023-07-11 00:00:00+00:00,-0.0010570554731803572,-0.0010570554731803572,-0.0006825295895213079,0.0007508233395254749,0.0024405725934941724,0.006922694224599901
2023-07-12 00:00:00+00:00,0.0007493043265516253,0.0007493043265516253,0.00017670396092284157,-0.002590010420835398,-0.0014760778343981817,-0.00790605477743156
2023-07-13 00:00:00+00:00,0.004650272332733962,0.004650272332733962,0.012174108945937956,0.0029856007856110534,0.09950826402430257,0.03535977616853159
2023-07-14 00:00:00+00:00,0.009685900145091741,0.009887861983014945,0.011271490678421703,0.0032433745497038036,-0.022707373070221082,-0.03631371678785389
2023-07-15 00:00:00+00:00,0.0003341641997083311,0.0003341641997083311,0.0,0.0011364025209374962,0.0007780330445654737,-0.000741950137914893
2023-07-16 00:00:00+00:00,-0.0010870136428534627,-0.0010870136428534627,0.0,-0.0028808896522490857,-0.021824140183292262,-0.0018993368003197286
2023-07-17 00:00:00+00:00,0.0016211301307709203,0.0016211301307709203,0.0,0.0037463564115836068,0.013883776934583647,-0.0031089584245025392
2023-07-18 00:00:00+00:00,-0.0014375373939807812,-0.0014375373939807812,0.0,-0.002710591392726225,-0.0197617067840844,-0.009253102395646473
2023-07-19 00:00:00+00:00,-0.001788246763242074,-0.001788246763242074,0.0,0.0019452717294732302,0.009885060167936999,0.0016772089474796914
2023-07-20 00:00:00+00:00,0.006231254455939528,0.006432540964132372,0.011916760228377177,-0.0013356377820570309,0.015014543879233289,-0.003651383637347294
2023-07-21 00:00:00+00:00,0.0,0.0,0.00776388560628094,-0.0030419698978995102,-0.0025805355640644567,0.003413422818792533
2023-07-22 00:00:00+00:00,0.0,0.0,0.004508171835638786,0.005531909468660556,-0.017222293124432353,-0.0036024683529911616
2023-07-23 00:00:00+00:00,0.0010904477157303027,0.0012905608109350375,0.00032958107526259717,0.0028652282189682854,0.01508929501924916,0.009725112438746075
2023-07-24 00:00:00+00:00,-0.000993976876914493,-0.000993976876914493,-0.0012826970199736332,0.0035447675437241255,-0.03993509419998498,-0.030157477043254666
2023-07-25 00:00:00+00:00,-0.004585459511221135,-0.004585459511221135,-0.00545949980259075,0.0017421179395422648,0.00017332994985719274,0.001796308673075675
2023-07-26 00:00:00+00:00,-0.0035459446880133916,-0.0035459446880133916,-0.0008540944696233677,0.0006745769510700939,0.01181379817473105,0.004209873033241163
2023-07-27 00:00:00+00:00,-0.006914662753391809,-0.005920591110576634,-0.0016137078576944353,0.0010761054606596154,0.007836227953520902,-0.004401068957575416
2023-07-28 00:00:00+00:00,0.0016293623476435481,0.0018294076640212875,-0.001726014044750479,0.0018322218640436372,0.005491660738296877,0.00312632815906011
2023-07-29 00:00:00+00:00,-0.00042657919311395176,-2.6919689134041747e-05,-0.007847285292641115,-0.00649884195021877,0.007566869101308882,0.001322228794705227
2023-07-30 00:00:00+00:00,0.008195242851433582,0.008195242851433582,0.007071920561077638,0.00190825411751816,-0.014595847273455753,-0.0024464362976057696
2023-07-31 00:00:00+00:00,-0.0056713666126462225,-0.00474204865052108,-0.008079207076834405,-0.0066460063699693706,-0.008756729479308833,-0.0016679706937134942
2023-08-01 00:00:00+00:00,0.004296454932514848,0.004296454932514848,0.0038597281483940815,0.0012890459671888177,0.012626310126399476,0.016206073771262375
2023-08-02 00:00:00+00:00,0.0026552212362698224,0.0026552212362698224,0.0037506241535616436,0.004611760890427252,-0.029219378489292458,-0.0175042137966116
2023-08-03 00:00:00+00:00,-0.0067256839081325515,-0.0067256839081325515,-0.004132206235436975,-0.0014081417337586943,-0.011285935945175685,0.00026142662186434684
2023-08-04 00:00:00+00:00,-0.011419422314080663,-0.01092517969835971,-0.010729137472651695,0.0005416304557095408,-0.0016107750820051336,-0.002728333979592712
2023-08-05 00:00:00+00:00,-0.0019860246132671344,-0.001819661223471103,-0.01801353873559064,-0.006025748735407066,0.005846436398898591,-0.001437796743076869
2023-08-06 00:00:00+00:00,0.0,0.0,0.004872632252406639,0.006286761264522989,0.010132431927149188,0.0005603304608212678
2023-08-07 00:00:00+00:00,-0.0008680112555351505,-0.0005348446411564955,0.006532586042441002,0.005897632042455747,-0.0013329236038212011,0.0042161107409763865
2023-08-08 00:00:00+00:00,-0.0035574062227695658,-0.002892860954174181,-0.006346836297266623,-0.0006335733617726103,0.023215778948477928,0.01914891140547459
2023-08-09 00:00:00+00:00,0.0,0.0,-0.0017998016273017559,0.00112374684965455,-0.0009372115245194212,-0.006329437072101318
2023-08-10 00:00:00+00:00,0.0,0.0,-0.00415024851503798,-0.0021614116562761465,-0.010063769922159738,-0.004267461384442894
2023-08-11 00:00:00+00:00,0.0,0.0,-0.008009998088554626,-0.004316075514414486,0.0017165344208298627,-0.0010089710837438703
2023-08-12 00:00:00+00:00,0.0,0.0,-0.005972393897598072,0.0010145056436663413,0.0034279446697307314,0.0001406917616817438
2023-08-13 00:00:00+00:00,0.0,0.0,0.00596413111060734,0.0031075027736926497,0.0025717465574666143,-0.004292533818187838
2023-08-14 00:00:00+00:00,-0.00029093839008043076,-0.00012431235657406337,0.0010195058682480607,9.809717050557332e-05,0.008328091755192224,0.004336974266855087
2023-08-15 00:00:00+00:00,-0.001330106625145877,-0.001330106625145877,-0.0007413700545889634,-0.0034908909414355094,-0.03678965440002813,-0.007846507059070196
2023-08-16 00:00:00+00:00,0.0013366395995810798,0.0013366395995810798,0.004252916676253493,0.0032553992566266565,-0.04545563265689734,-0.016078424657534174
2023-08-17 00:00:00+00:00,-0.001963672965602181,-0.001963672965602181,-0.013892021142944744,0.0040832134679176235,-0.07975627908104665,-0.0733401530289578
2023-08-18 00:00:00+00:00,0.0010804542263023187,0.001414414407914233,-0.004839202031998391,0.0009314739547010564,0.01313348787186075,-0.021387568309243488
2023-08-19 00:00:00+00:00,-0.004818562191558962,-0.004818562191558962,-0.00446644630986448,0.0016778754163786491,0.016710910203840967,0.001765947647193844
2023-08-20 00:00:00+00:00,0.00611887663569699,0.00611887663569699,0.005505829258796613,0.002452292565528591,-0.0023835462260490825,0.003447508257660603
2023-08-21 00:00:00+00:00,-0.0019079625345801432,-0.0019079625345801432,-0.003132070833624989,9.190155344152018e-05,-0.01897776774037263,-0.0024081719771580357
2023-08-22 00:00:00+00:00,0.006923368977361344,0.006923368977361344,0.010161622233912926,0.0013472609845655015,-0.007554755564638138,-0.0027144416563441576
2023-08-23 00:00:00+00:00,-0.005124808351034349,-0.005124808351034349,0.001768861471111327,0.00028933010289788896,0.026468866534584246,0.01445809026711653
2023-08-24 00:00:00+00:00,-0.008553655059038823,-0.008553655059038823,-0.005748842304263202,-0.001315969342188139,-0.018587973386195666,-0.009558985984038038
2023-08-25 00:00:00+00:00,-0.0037437340460780844,-0.0037437340460780844,-0.007649878326936976,0.00032915958541690493,-0.005570916630341927,-0.00458517076934517
2023-08-26 00:00:00+00:00,0.005943480378475918,0.005943480378475918,0.006569515897393741,-0.00026783887468306844,-0.0008769377808292012,-0.0016362234703666267
2023-08-27 00:00:00+00:00,0.000978714334024966,0.000978714334024966,0.0007834469441070357,-0.0018712148538330142,0.012267678772129864,0.003243986613559402
2023-08-28 00:00:00+00:00,0.004971405493665593,0.004971405493665593,0.002464827944580028,0.00039578986600719013,-0.0017046588564090248,0.0006984200688295861
2023-08-29 00:00:00+00:00,0.0007284774137434891,0.0007284774137434891,0.0008493259991293467,-0.0007093332869192448,0.03979234338104365,0.061115620214395205
2023-08-30 00:00:00+00:00,-0.0044579228266361515,-0.00396088328904709,-0.007111100924243163,-0.004639164682297303,-0.020343284791684124,-0.015021824670934825
2023-08-31 00:00:00+00:00,0.0,0.0,0.0,-0.001600043773511417,-0.033581431944150864,-0.049787930325247975
2023-09-01 00:00:00+00:00,0.0,0.0,0.0,-0.0010762976144121916,-0.010603778893985671,-0.005232302189833393
2023-09-02 00:00:00+00:00,0.0,0.0,0.0,-0.011354146200425075,0.03525317396644856,0.00249796067048913
2023-09-03 00:00:00+00:00,0.0,0.0,0.0,0.0038851248756475165,-0.0016748970357314263,0.00393126889531259
2023-09-04 00:00:00+00:00,0.0,0.0,0.0,-0.0008707174536299878,-0.006020193398993623,-0.005590421085501229
2023-09-05 00:00:00+00:00,0.0,0.0,0.0,-0.0040787808316441465,0.005637014722627232,-0.0013134040785216516
2023-09-06 00:00:00+00:00,0.0,0.0,0.0,-0.0023035678159682993,0.0025439595080014588,-0.0012465057129897872
2023-09-07 00:00:00+00:00,0.0,0.0,0.0,-0.000361542916106794,0.020916091090412037,0.019217816804768084
2023-09-08 00:00:00+00:00,0.0,0.0,0.0,-0.0011427277664315394,-0.015409667760258872,-0.013121310226623661
2023-09-09 00:00:00+00:00,0.0,0.0,0.0,-0.000745592520561722,-0.003937022976193805,-0.00034310414696658853
2023-09-10 00:00:00+00:00,0.0,0.0,0.0,-0.0036807601990314076,-0.021211618800754395,-0.0023164583205459444
2023-09-11 00:00:00+00:00,0.0,0.0,0.0,0.0016479793744730298,-0.03700070697702229,-0.026278935406887194
2023-09-12 00:00:00+00:00,0.0,0.0,0.0,0.0010540855745617694,0.022186660762335775,0.026928145511655677
2023-09-13 00:00:00+00:00,0.0,0.0,0.0,-0.0005631494191972175,0.015693697399278506,0.01477935456906021
2023-09-14 00:00:00+00:00,0.0,0.0,0.0,0.0010141734260802338,0.018682545806222306,0.01146861414079825
2023-09-15 00:00:00+00:00,0.0,0.0,0.0,-0.004921189655156644,0.04123940445504437,0.0029133501717211185
2023-09-16 00:00:00+00:00,0.0,0.0,0.0,0.002972857015949071,-0.00321313990116201,-0.0015161654135350533
2023-09-17 00:00:00+00:00,0.0,0.0,0.0,-0.001151972405611601,-0.04534431608091227,-0.0012108584180439141
2023-09-18 00:00:00+00:00,0.0,0.0,0.0,-0.0021762348928965336,0.016732856449126476,0.00885872816559119
2023-09-19 00:00:00+00:00,0.0,0.0,0.0,-0.0007223112535847953,0.027895379423882982,0.016730493514994782
2023-09-20 00:00:00+00:00,0.0,0.0,0.0,-0.004850256862705571,0.0012396958657594492,-0.00313337689533133
2023-09-21 00:00:00+00:00,0.0,0.0,0.0,-0.0005595478809090615,-0.030773403462049487,-0.020531612903227248
2023-09-22 00:00:00+00:00,0.0,0.0,0.0,-0.0006839937244921268,0.010281809330952685,0.0004539281724540434
2023-09-23 00:00:00+00:00,0.0,0.0,0.0,0.002730753028180155,0.002186046755288995,-0.00015726027026186085
2023-09-24 00:00:00+00:00,0.0,0.0,0.0,0.002472943817152684,-0.014207204438753784,-0.012326177492741897
2023-09-25 00:00:00+00:00,0.0,0.0,0.0,0.0004083757173416469,0.010238351618830688,0.0021498469619833926
2023-09-26 00:00:00+00:00,0.0,0.0,0.0,-8.189218973320145e-05,0.01583468242606778,-0.0031606386816704912
2023-09-27 00:00:00+00:00,0.0,0.0,0.0,-0.0012404793521624269,0.02850175348985795,0.005770799495227408
2023-09-28 00:00:00+00:00,0.0,0.0,0.0,-0.0014555964345160932,0.007162240720972157,0.02458575990056522
2023-09-29 00:00:00+00:00,0.0,0.0,0.0,-0.0017115629920287923,0.004410827019044605,-0.00423479325082865
2023-09-30 00:00:00+00:00,0.0,0.0,0.0,0.000611609194118623,0.008279768916100716,0.0020663798511626474
2023-10-01 00:00:00+00:00,0.0,0.0,0.0,0.0012485905043069234,0.036140864615425095,0.03820149125305505
2023-10-02 00:00:00+00:00,0.0,0.0,0.0,0.002179604169307403,-0.030799085172122376,-0.01779257853066063
2023-10-03 00:00:00+00:00,0.0,0.0,0.0,0.0021069978390051425,-0.013544999540585856,-0.0024750395624429933
2023-10-04 00:00:00+00:00,0.0,0.0,0.0,0.0017164712459667442,0.0022013768761763863,0.012838332034101674
2023-10-05 00:00:00+00:00,0.0,0.0,0.0,0.0040959828171136525,-0.014910084189698192,-0.013254101993011913
2023-10-06 00:00:00+00:00,0.0,0.0,0.0,0.00010352817320535834,0.02055315402912483,0.01899644623808694
2023-10-07 00:00:00+00:00,0.0,0.0,0.0,0.008881162646709129,-0.0037121965412216795,0.000915825340147558
2023-10-08 00:00:00+00:00,0.0,0.0,0.0,0.004259747628374333,-0.007002834255861012,-0.0014171931063321486
2023-10-09 00:00:00+00:00,0.0,0.0,0.0,0.0009711732700348197,-0.03595516116907149,-0.011710764568605758
2023-10-10 00:00:00+00:00,0.0,0.0,0.0,0.00149231173414055,-0.004470385587136527,-0.0072489717333587
2023-10-11 00:00:00+00:00,0.0,0.0,0.0,-7.986820113281556e-05,-0.010928594026886729,-0.018787796475517538
2023-10-12 00:00:00+00:00,0.0,0.0,0.0,-0.001808003709364514,-0.01165005130978558,-0.004312102612340385
2023-10-13 00:00:00+00:00,0.0,0.0,0.0,0.0012790322988784908,0.011510245484484205,0.0038255386939203273
2023-10-14 00:00:00+00:00,0.0,0.0,0.0,0.00031599701819140513,0.008876687231715197,-0.0003544039907670271
2023-10-15 00:00:00+00:00,0.0,0.0,0.0,-0.0006008729544244584,0.010707604285431493,0.0112343440903786
2023-10-16 00:00:00+00:00,0.0,0.0,0.0,-0.001996168725674319,0.021931136633464465,0.04959205130707489
2023-10-17 00:00:00+00:00,0.0,0.0,0.0,-0.0026468999540858462,-0.022928684353988427,-0.003679548419377232
2023-10-18 00:00:00+00:00,0.0,0.0,0.0,-0.0011516857223715649,-0.009737886151390818,-0.002673272312807451
2023-10-19 00:00:00+00:00,0.0,0.0,0.0,-0.0020289636991576154,0.00841156568375312,0.013902189265536213
2023-10-20 00:00:00+00:00,0.0,0.0,0.0,-0.0009207631233769664,0.030250790252493776,0.03327086607756402
2023-10-21 00:00:00+00:00,0.0,0.0,0.0,-0.0005302821151533799,0.034525566878811365,0.008114856429462414
2023-10-22 00:00:00+00:00,0.0,0.0,0.0,0.0008841355577915433,0.019114725021411205,0.0027636426856745278
2023-10-23 00:00:00+00:00,0.0,0.0,0.0,-0.012229770664515804,0.07455347270589696,0.10261012267750069
2023-10-24 00:00:00+00:00,0.0,0.0,0.0,-0.01589915469887815,0.019894555189631458,0.025785916475934645
2023-10-25 00:00:00+00:00,0.0,0.0,0.0,-0.0013961856550325225,0.029885008148480052,0.01690076240915639
2023-10-26 00:00:00+00:00,0.0,0.0,0.0,0.0035866395290304887,-0.0008760687644265852,-0.009983461874620403
2023-10-27 00:00:00+00:00,0.0,0.0,0.0,0.0014163317457307478,-0.013392660748228535,-0.00760255870432025
2023-10-28 00:00:00+00:00,0.0,0.0,0.0,0.0035501054961804,0.01855551639804598,0.005575943835746333
2023-10-29 00:00:00+00:00,0.0,0.0,0.0,-0.0007762873240709789,0.02385993440330325,0.01305390100055881
2023-10-30 00:00:00+00:00,0.0,0.0,0.0,-0.0038304700230844535,0.017960500609543795,-0.0014817865665450736
2023-10-31 00:00:00+00:00,0.0,0.0,0.0,0.0004667477633288897,-0.00495190826533054,0.004787274621149029
2023-11-01 00:00:00+00:00,0.0,0.0,0.0,-0.005034016644123618,0.05709560575439787,0.022565392322177802
2023-11-02 00:00:00+00:00,0.0,0.0,0.0,-0.002586505651765103,-0.02171446636086527,-0.01354660159118437
2023-11-03 00:00:00+00:00,0.0,0.0,0.0,0.0018893791378651326,-0.003993193598798794,-0.006433880083876908
2023-11-04 00:00:00+00:00,0.0,0.0,0.0,0.0011454296818134146,0.026895700672722844,0.00994591088228769
2023-11-05 00:00:00+00:00,0.0,0.0,0.0,-0.011828034100863083,0.02872255683871172,-0.0014314614054451447
2023-11-06 00:00:00+00:00,0.0,0.0,0.0,0.0016938057948299168,0.0469834459001377,0.0009770969168192423
2023-11-07 00:00:00+00:00,0.0,0.0,0.0,-5.663968599778357e-05,-0.015443217343288906,0.010073306323186593
2023-11-08 00:00:00+00:00,0.0,0.0,0.0,-0.0015011315212762888,0.02136562717338597,0.006373039781779388
2023-11-09 00:00:00+00:00,0.0,0.0,0.0,-0.00021780779423041796,-0.002901757689454554,0.030214132209319677
2023-11-10 00:00:00+00:00,0.0,0.0,0.0,-0.0019393964808637199,0.05360053131939568,0.016363001752809136
2023-11-11 00:00:00+00:00,0.0,0.0,0.0,0.003750101311911669,0.007866761845258141,-0.0046011394140161865
2023-11-12 00:00:00+00:00,0.0,0.0,0.0,-0.003880477316010822,0.00474072053309782,-0.0017740371667098742
2023-11-13 00:00:00+00:00,0.0,0.0,0.0,0.008510095137721496,-0.0510888645398222,-0.01622053451679495
2023-11-14 00:00:00+00:00,0.0,0.0,0.0,-0.012256917303370973,-0.0009741752558900529,-0.025004573137705877
2023-11-15 00:00:00+00:00,0.0,0.0,0.0,-0.002824648979169564,0.07351315203041398,0.06489262384747119
2023-11-16 00:00:00+00:00,0.0,0.0,0.0,-0.010633762840373984,-0.0419384104782633,-0.044764146208748246
2023-11-17 00:00:00+00:00,0.0,0.0,0.0,-0.004594383550426628,0.003996320461618019,0.012454819789340599
2023-11-18 00:00:00+00:00,0.0,0.0,0.0,-0.004325897318980032,-0.0015065485315355343,-0.0012514366120862652
2023-11-19 00:00:00+00:00,0.0,0.0,0.0,-0.0015524782121929537,0.03416807838452951,0.021651658139199004
2023-11-20 00:00:00+00:00,0.0,0.0,0.0,0.0013131364543208512,-0.014000222474925383,0.0023800945720875433
2023-11-21 00:00:00+00:00,0.0,0.0,0.0,-0.003094588707289847,-0.0835569481947781,-0.04558573069670058
2023-11-22 00:00:00+00:00,0.0,0.0,0.0,-0.006556005174095603,0.08329272998815163,0.046631590875071405
2023-11-23 00:00:00+00:00,0.0,0.0,0.0,0.002289668467412742,-0.0006904122717048544,-0.0030490526978734778
2023-11-24 00:00:00+00:00,0.0,0.0,0.0,-0.002255355104956225,0.01587363210397008,0.011242742854936427
2023-11-25 00:00:00+00:00,0.0,0.0,0.0,0.001110219659634204,0.02147809562051206,0.0017792004310377418
2023-11-26 00:00:00+00:00,0.0,0.0,0.0,-0.0009751429861326599,-0.01425651043073628,-0.008820383545342647
2023-11-27 00:00:00+00:00,0.0,0.0,0.0,0.0012845797872800269,-0.027967901566521847,-0.0054671308551743625
2023-11-28 00:00:00+00:00,0.0,0.0,0.0,0.001008534998331978,0.01784595330687977,0.015470682845228678
2023-11-29 00:00:00+00:00,0.0,0.0,0.0,-0.0007065870627382953,-0.00811156632219312,0.0009458241348829777
2023-11-30 00:00:00+00:00,0.0,0.0,0.0,0.0035864754807122257,0.00993470210350722,-0.0034521527611941494
2023-12-01 00:00:00+00:00,0.0,0.0,0.0,-0.0007099991066673583,0.021803513385164397,0.025409845625964822
2023-12-02 00:00:00+00:00,0.0,0.0,0.0,-0.002307827107224436,0.022868155314067717,0.01984953410480994
2023-12-03 00:00:00+00:00,0.0,0.0,0.0,-0.0005037454011947995,-0.0069934677120104816,0.013229540422328157
2023-12-04 00:00:00+00:00,0.0,0.0,0.0,0.0016288576695919765,0.01792210455831622,0.05050602592898201
2023-12-05 00:00:00+00:00,0.0,0.0,0.0,-0.00409015567762383,0.02149246685726558,0.049587174425056
2023-12-06 00:00:00+00:00,0.0,0.0,0.0,0.002407825956054266,-0.011214827269633076,-0.007048028149455821
2023-12-07 00:00:00+00:00,0.0,0.0,0.0,0.005394127678242322,0.03050034986860939,-0.011186469570311552
2023-12-08 00:00:00+00:00,0.0,0.0,0.0,-0.008998394056607406,0.06423246334881227,0.02074843655902936
2023-12-09 00:00:00+00:00,0.0,0.0,0.0,-0.0015085725405907802,-0.006975124624754914,-0.010354986383597664
2023-12-10 00:00:00+00:00,0.0,0.0,0.0,-0.005047800511226441,0.031205225628770483,0.0017365305076690873
2023-12-11 00:00:00+00:00,0.0,0.0,0.0,0.009175779059329647,-0.05236556214809929,-0.0579159255264563
2023-12-12 00:00:00+00:00,0.0,0.0,0.0,-0.002696882907086806,0.020869632667996907,0.005793219467971289
2023-12-13 00:00:00+00:00,0.0,0.0,0.0,-0.006141149662375778,0.03035313166944098,0.03317813218279353
2023-12-14 00:00:00+00:00,0.0,0.0,0.0,-0.0030645545890756187,0.027670100874314985,0.0035743752541175233
2023-12-15 00:00:00+00:00,0.0,0.0,0.0,0.0024877921494630417,-0.02393611490900871,-0.025148841553187196
2023-12-16 00:00:00+00:00,0.0,0.0,0.0,0.0033167139644285637,0.045153905236755554,0.008052636724104945
2023-12-17 00:00:00+00:00,0.0,0.0,0.0,-0.00016832951329925905,-0.028332555804404524,-0.021367599199867082
2023-12-18 00:00:00+00:00,0.0,0.0,0.0,0.0040374435699523925,0.013110201204907135,0.031012951166959235
2023-12-19 00:00:00+00:00,0.0,0.0,0.0,0.004662929470357069,-0.008471043596556926,-0.008950531907412795
2023-12-20 00:00:00+00:00,0.0,0.0,0.0,-0.0021303869528984665,0.04717503465444617,0.0329487257424359
2023-12-21 00:00:00+00:00,0.0,0.0,0.0,0.0026350396440550927,0.08592558221872615,0.004416641305386548
2023-12-22 00:00:00+00:00,0.0,0.0,0.0,-0.004630259777928858,0.015550126839619205,0.002444952099547981
2023-12-23 00:00:00+00:00,0.0,0.0,0.0,-0.003869421412749263,0.07944905687289294,-0.0060697254249793
2023-12-24 00:00:00+00:00,0.0,0.0,0.0,-0.001277932574846874,0.0230584711468802,-0.016261438793873206
2023-12-25 00:00:00+00:00,0.0,0.0,0.0,-0.007037110261453261,0.032128333341954196,0.013598734633590626
2023-12-26 00:00:00+00:00,0.0,0.0,0.0,0.00880847623550074,-0.01565707281791684,-0.024490472191999846
2023-12-27 00:00:00+00:00,0.0,0.0,0.0,0.0027472693716397156,-0.005667828356545002,0.02164062939245781
2023-12-28 00:00:00+00:00,0.0,0.0,0.0,-0.0011934739880077316,-0.027221570959616526,-0.01991970775187324
2023-12-29 00:00:00+00:00,0.0,0.0,0.0,-0.006440462604346497,-0.00019546476772958066,-0.011672136108276776
2023-12-30 00:00:00+00:00,0.0,0.0,0.0,-0.0034655685041001805,0.009266018172533697,0.0017431736790984864
2023-12-31 00:00:00+00:00,0.0,0.0,0.0,0.010817668656954549,-0.01890210818297,0.003400546935143023
2024-01-01 00:00:00+00:00,0.0,0.0,0.0,-0.00516825459532011,0.041141275264047206,0.044839391555775876
2024-01-02 00:00:00+00:00,0.0,0.0,0.0,0.0028444239446678843,-0.01394270491198002,0.017369122139091253
2024-01-03 00:00:00+00:00,0.0,0.0,0.0,0.010890200186735477,-0.07511782684214519,-0.046759165424275606
2024-01-04 00:00:00+00:00,0.0,0.0,0.0,-0.0011104753423398783,0.028062388063818,0.03047877208268046
2024-01-05 00:00:00+00:00,0.0,0.0,0.0,0.007497771004842724,-0.03194510674654527,-0.0001356704589461355
2024-01-06 00:00:00+00:00,0.0,0.0,0.0,-0.0008757190743216015,-0.036633911167109234,-0.004004747071646664
2024-01-07 00:00:00+00:00,0.0,0.0,0.0,-0.003740215898512589,-0.04505624586459689,-0.0008938253724495304
2024-01-08 00:00:00+00:00,0.0,0.0,0.0,0.001011431041839872,0.06604148350586181,0.06879324874536286
2024-01-09 00:00:00+00:00,0.0,0.0,0.0,-0.003274316619844231,-0.03922949288450561,-0.017913128228896347
2024-01-10 00:00:00+00:00,0.0,0.0,0.0,0.0009324354944098001,0.08079022144465564,0.011797657774886394
2024-01-11 00:00:00+00:00,0.0,0.0,0.0,-0.003827596337090289,0.017712676777542624,-0.006748190240534746
2024-01-12 00:00:00+00:00,0.0,0.0,0.0,0.001045760380387284,-0.04573318399368309,-0.07674783056058865
2024-01-13 00:00:00+00:00,0.0,0.0,0.0,0.0014709735633344767,0.02015068554390842,0.0015253818538456532
2024-01-14 00:00:00+00:00,0.0,0.0,0.0,0.0005307523274573622,-0.03375622944801071,-0.0260371606696137
2024-01-15 00:00:00+00:00,0.0,0.0,0.0,0.010201420175276255,0.023311006370544618,0.01866058345623922
2024-01-16 00:00:00+00:00,0.0,0.0,0.0,4.7303765986494994e-06,0.011857260048182772,0.014745560571238325
2024-01-17 00:00:00+00:00,0.0,0.0,0.0,5.315262104521601e-05,-0.003691483399051454,-0.00838820574459287
2024-01-18 00:00:00+00:00,0.0,0.0,0.0,0.0008052998239052034,-0.048525045967619085,-0.03386470482348802
2024-01-19 00:00:00+00:00,0.0,0.0,0.0,-0.0027683135930397507,0.018262721589750175,0.008022019236584743
2024-01-20 00:00:00+00:00,0.0,0.0,0.0,0.0158178196490657,0.0031499392208176324,0.0008884028264717347
2024-01-21 00:00:00+00:00,0.0,0.0,0.0,-0.016029502508090432,-0.004843361742033037,-0.002775083677011847
2024-01-22 00:00:00+00:00,0.0,0.0,0.0,-0.004686462377593514,-0.0560724617536732,-0.04839571980309021
2024-01-23 00:00:00+00:00,0.0,0.0,0.0,-0.004118677757366074,-0.015091251965528518,0.008329453937802045
2024-01-24 00:00:00+00:00,0.0,0.0,0.0,0.0007528773982135029,0.01808862999443206,0.00469401668270808
2024-01-25 00:00:00+00:00,0.0,0.0,0.0,0.00029651731372037915,-0.014595157394048264,-0.003088196846292246
2024-01-26 00:00:00+00:00,0.0,0.0,0.0,-0.0008136628022090697,0.04279116461287624,0.046605835826800224
2024-01-27 00:00:00+00:00,0.0,0.0,0.0,-0.004534262746253792,0.015851862525380733,0.007104138318376307
2024-01-28 00:00:00+00:00,0.0,0.0,0.0,0.0001837879933999087,-0.00836038340269507,-0.0021265114030828425
2024-01-29 00:00:00+00:00,0.0,0.0,0.0,0.0005250638421332443,0.031142390810044995,0.03025476873531141
2024-01-30 00:00:00+00:00,0.0,0.0,0.0,-0.0004268532380568013,-0.016564161059138383,-0.008350518558888353
2024-01-31 00:00:00+00:00,0.0,0.0,0.0,0.0011387681224803714,-0.0329161069567705,-0.008409193057467568
2024-02-01 00:00:00+00:00,0.0,0.0,0.0,-0.0008115681206839476,0.00959148866687598,0.011811648661342655
2024-02-02 00:00:00+00:00,0.0,0.0,0.0,-0.0006316137501379826,0.01729837384910149,0.002717084767196898
2024-02-03 00:00:00+00:00,0.0,0.0,0.0,1.2801922980809621e-05,-0.0064584258261494165,-0.0043729166666680586
2024-02-04 00:00:00+00:00,0.0,0.0,0.0,-0.0022585258410954268,-0.015160515417858123,-0.009955804421604375
2024-02-05 00:00:00+00:00,0.0,0.0,0.0,0.00253904700971197,0.005250288606279518,0.0029547085589334277
2024-02-06 00:00:00+00:00,0.0,0.0,0.0,-0.0016855683291902013,-0.0052648753094135525,0.009137482526978546
2024-02-07 00:00:00+00:00,0.0,0.0,0.0,0.005206716435807834,0.02777716666743002,0.029018108329785575
2024-02-08 00:00:00+00:00,0.0,0.0,0.0,-0.0019750528965726266,0.005152141015101641,0.021173809910350005
2024-02-09 00:00:00+00:00,0.0,0.0,0.0,-0.00031861494672846824,0.031154494693099055,0.0407192530578846
2024-02-10 00:00:00+00:00,0.0,0.0,0.0,-0.0007088698417597739,0.006194705706500381,0.013118685789101692
2024-02-11 00:00:00+00:00,0.0,0.0,0.0,-0.0036640887593605287,0.0004854593982293043,0.011495025558579508
2024-02-12 00:00:00+00:00,0.0,0.0,0.0,-0.0005727173421584686,0.032338307202732786,0.03348406490353284
2024-02-13 00:00:00+00:00,0.0,0.0,0.0,0.0014017644083941239,-0.012222430605581813,-0.004360815405169416
2024-02-14 00:00:00+00:00,0.0,0.0,0.0,-0.0021911037295005986,0.033461699130193256,0.042164935364658485
2024-02-15 00:00:00+00:00,0.0,0.0,0.0,0.005012194560182204,0.019193000660095327,0.001637797501195637
2024-02-16 00:00:00+00:00,0.0,0.0,0.0,0.002028082192818026,0.0027213831230967767,0.004705281418658336
2024-02-17 00:00:00+00:00,0.0,0.0,0.0,0.0062742866537235376,0.02091520867386465,-0.00923699224792529
2024-02-18 00:00:00+00:00,0.0,0.0,0.0,-0.0013777181014974493,0.02386775649253159,0.009585683458475991
2024-02-19 00:00:00+00:00,0.0,0.0,0.0,-0.00232328262178938,0.03571930586845329,-0.00696118564561965
2024-02-20 00:00:00+00:00,0.0,0.0,0.0,-0.007682440825291348,-0.011120527032035699,0.009349928044048106
2024-02-21 00:00:00+00:00,0.0,0.0,0.0,-0.0036404492099768593,-0.021765245496529584,-0.007834658340928002
2024-02-22 00:00:00+00:00,0.0,0.0,0.0,0.0032251304569088646,0.0003092473062400458,-0.010819220824005105
2024-02-23 00:00:00+00:00,0.0,0.0,0.0,0.0011463879524229448,0.0006629469892263096,-0.01061194710228941
2024-02-24 00:00:00+00:00,0.0,0.0,0.0,0.0015462092301101737,0.02605399896489513,0.016239704478250738
2024-02-25 00:00:00+00:00,0.0,0.0,0.0,-0.002101185006051165,0.0137636616496144,0.003114902938283315
2024-02-26 00:00:00+00:00,0.0,0.0,0.010445131439433819,-0.0017760167403870764,0.02859552741788396,0.053115814482632695
2024-02-27 00:00:00+00:00,0.026322237238143975,0.02732719106564696,-0.009960423863106027,0.001217370933821682,0.015019745726239764,0.047008736065313306
2024-02-28 00:00:00+00:00,-0.09033734851715991,-0.08852235817802856,-0.07680197181252357,-0.005786361000910012,0.045162429455468,0.09458295215029455
2024-02-29 00:00:00+00:00,-0.03187272411454667,-0.03090362774228894,-0.010395111042554195,0.0014334813025089765,0.012146307719315796,-0.02084056118567268
2024-03-01 00:00:00+00:00,0.0,0.0,-0.026217653950723285,-0.006240332916843783,0.061367988567613274,0.020561096844840643
2024-03-02 00:00:00+00:00,0.0,0.0,0.0,-0.011170780283144888,0.0714800669096689,-0.0064214374902819005
2024-03-03 00:00:00+00:00,0.0,0.0,-0.00977147303725645,-0.00016445572059842206,-0.008364617046861977,0.01817614839689763
2024-03-04 00:00:00+00:00,0.0,0.0,-0.02479052293519146,0.0038406513420632393,0.04261074968928602,0.08130909844524004
2024-03-05 00:00:00+00:00,0.0,0.0,-0.028418123224171477,-0.005849816456184875,-0.05934235517771014,-0.06625617932614336
2024-03-06 00:00:00+00:00,0.0,0.0,0.050878071077778975,0.002656531682064145,0.08752848614536268,0.03687825044280779
2024-03-07 00:00:00+00:00,0.0,0.0,0.015350770371938216,0.0014804716531058304,0.027110138125419292,0.011337735667441118
2024-03-08 00:00:00+00:00,0.0,0.0,-0.0341788476015944,-0.0015264126070415607,0.018613140977279397,0.019469594154244207
2024-03-09 00:00:00+00:00,0.0,0.0,0.0055508512716293534,0.0014748327296389974,0.028971826979912185,0.002775519239200497
2024-03-10 00:00:00+00:00,0.0,0.0,-0.0036958128372347465,-0.0002775220156323588,-0.022302099637862782,0.009406810711886315
2024-03-11 00:00:00+00:00,0.0,0.0,0.05037065498880677,0.0058858525493799,0.043012381174060366,0.04527851721999632
2024-03-12 00:00:00+00:00,0.0,0.0,-0.0061388632655137165,0.00957099055729227,-0.00037806744360213695,-0.00868627225190366
2024-03-13 00:00:00+00:00,0.0,0.0,0.008327954757089584,-0.0064617542686681295,0.015213697268168902,0.022678158389104697
2024-03-14 00:00:00+00:00,0.0,0.0,-0.007260029788724198,0.0023371980976141238,-0.007440662507074536,-0.023038380696627225
2024-03-15 00:00:00+00:00,0.0,0.0,-0.002043542641521179,0.0017075733276326055,-0.04426713606523036,-0.026461942143978345
2024-03-16 00:00:00+00:00,0.0,0.0,-0.01518693284482786,-0.000801309017740226,-0.072918709282495,-0.06042056205876756
2024-03-17 00:00:00+00:00,0.0,0.0,-0.007310701164465971,-0.0008099501791075658,0.07622654800246931,0.04736324902225264
2024-03-18 00:00:00+00:00,0.0,0.0,0.0005403336210596521,0.008588449039611312,-0.046848570304086734,-0.011455624132591491
2024-03-19 00:00:00+00:00,0.0,0.0,-0.03478084156065098,0.0033456441720915997,-0.09607849060628049,-0.08390165417862161
2024-03-20 00:00:00+00:00,0.0,0.0,0.03400481291156776,-0.004353405538355948,0.10286717789448763,0.09530768162693337
2024-03-21 00:00:00+00:00,0.0,0.0,-0.011791446898387181,0.0003005232069674957,-0.011814287219072517,-0.03448146247721284
2024-03-22 00:00:00+00:00,0.0,0.0,-0.014306516091766142,-0.0025753306384103114,-0.0225920854458731,-0.0260243809013172
2024-03-23 00:00:00+00:00,0.0,0.0,0.0009027648941350996,-0.00042610392436803757,0.007853162984150286,0.003031037371247658
2024-03-24 00:00:00+00:00,0.0,0.0,0.022364750665602173,-0.0005391986372207391,0.05308005940337224,0.05032004214407859
2024-03-25 00:00:00+00:00,0.0,0.0,0.014978418878681454,-0.0009683168035973244,0.0365468476963442,0.039726534701164606
2024-03-26 00:00:00+00:00,0.0,0.0,-0.01259490829212262,-0.0003512060447697918,0.015113371550039556,0.0015453632591062583
2024-03-27 00:00:00+00:00,0.0,0.0,-0.007893782489781787,-0.0013753248113398397,-0.008433720753965535,-0.0074014116705707345
2024-03-28 00:00:00+00:00,0.0,0.0,0.012270035953209746,0.0015127962914824877,0.021332209052528528,0.018865844086058514
2024-03-29 00:00:00+00:00,-0.04237513411482563,-0.04140805905170275,0.010797551382572879,-0.008510952070083455,0.00573014697855978,-0.013140041197730379
2024-03-30 00:00:00+00:00,0.02780326262436028,0.02780326262436028,0.02479955724835614,0.005074227377583229,-0.021096553335651635,-0.0038419173280557217
2024-03-31 00:00:00+00:00,0.008547704673477652,0.008547704673477652,0.011666442105401797,0.0014284633155385862,0.029760289724930278,0.024400356528065492
2024-04-01 00:00:00+00:00,0.024544131158640514,0.024544131158640514,0.021133525406434872,0.003829006608963903,-0.052271876089817315,-0.022870507453631728
2024-04-02 00:00:00+00:00,-0.08097025760365928,-0.08005030791157086,-0.08274652372059488,-0.009416121859564641,-0.06032821731348115,-0.06009794715849903
2024-04-03 00:00:00+00:00,0.03527308227232706,0.03629047772834859,0.04903268324333876,0.0038508895530493525,-0.008822707090743509,0.007626941162614642
2024-04-04 00:00:00+00:00,0.005531567370390178,0.005531567370390178,0.006451339766812669,0.0011389943619002363,0.02516843796187973,0.038271444355101325
2024-04-05 00:00:00+00:00,0.00014512721579240662,0.00014512721579240662,-0.0005200523485759945,0.00026652780522740116,-0.020165084198247807,-0.0097414444238898
2024-04-06 00:00:00+00:00,-0.017137853906567746,-0.017137853906567746,-0.014252143934674888,-0.00269916781564572,0.021774297917555696,0.015856239592030086
2024-04-07 00:00:00+00:00,0.01943362186604225,0.01943362186604225,0.02174903578886722,-0.0014212376223408096,0.017751771340504208,0.006740449372968138
2024-04-08 00:00:00+00:00,-0.010954046051697253,-0.010954046051697253,-0.009524027539619673,0.0019906113923870983,0.03045529421854365,0.032577815666837484
2024-04-09 00:00:00+00:00,0.026586937418137557,0.026586937418137557,0.021620792801660293,0.0013245915280937215,-0.04789757416984519,-0.0345434236246861
2024-04-10 00:00:00+00:00,0.019792247218105574,0.019792247218105574,0.008370799332213297,-0.0002187957548650532,-0.006104011343215476,0.0214774535041804
2024-04-11 00:00:00+00:00,-0.023272446814346148,-0.023272446814346148,0.0,-0.004627336328188125,-0.020782941287218692,-0.008846672031632363
2024-04-12 00:00:00+00:00,0.061736551411271545,0.06279935076203369,0.013468815432823966,-0.004149146242725332,-0.13724347883492416,-0.04127789769567691
2024-04-13 00:00:00+00:00,-0.0016205738871482023,-0.000599348139977085,-0.03813393746890392,-0.008643581618191787,-0.11819783333568834,-0.047559229828960325
2024-04-14 00:00:00+00:00,0.0078062869173154414,0.0078062869173154414,0.0038732602411208905,0.00510137557001622,0.07201196157377843,0.027177838359652595
2024-04-15 00:00:00+00:00,-0.01462336364835326,-0.01462336364835326,-0.013367526355793413,-7.465238090986759e-05,-0.03894517661184593,-0.03414235726564996
2024-04-16 00:00:00+00:00,0.025808504741929417,0.025808504741929417,0.026282912428266414,-0.0013892438939449026,0.0007611623830481307,0.005887733504846171
2024-04-17 00:00:00+00:00,0.01592510981925721,0.01592510981925721,0.018278748516082688,-0.0013380799440333435,-0.02347953647741685,-0.03944013635268562
2024-04-18 00:00:00+00:00,-0.0026136226938963114,-0.0026136226938963114,-0.004305551060397206,0.0026649695813660834,0.03772530083058068,0.035783356890154217
2024-04-19 00:00:00+00:00,-0.0056351247198138665,-0.0056351247198138665,-0.006906724130128827,-0.0033047305262513538,0.010643524598224818,0.005481795516880217
2024-04-20 00:00:00+00:00,0.02859943191488301,0.02859943191488301,0.024164723191818727,0.0027979164419942304,0.07646971773808242,0.0175903322588713
2024-04-21 00:00:00+00:00,-0.0012618020586948608,-0.0012618020586948608,0.0005945124949919833,-0.0008840839114735433,-0.012659839437432208,8.6232662812602e-06
2024-04-22 00:00:00+00:00,0.006380856661820866,0.006380856661820866,0.004750064917425689,0.002730259572336635,0.03412945499625564,0.0289211078029874
2024-04-23 00:00:00+00:00,-0.0012282232398115323,-0.0012282232398115323,-0.0005466508182279117,-0.004588101635057074,0.005678410872491657,-0.006065910278643227
2024-04-24 00:00:00+00:00,-0.0029189398126114874,-0.0029189398126114874,0.0012586280837765251,-0.00476280836938181,-0.04583940102626538,-0.03198738217845731
2024-04-25 00:00:00+00:00,0.00487104443515296,0.00487104443515296,0.004577010541576776,0.0013915016435781524,0.005441411011052333,0.003247026462605662
2024-04-26 00:00:00+00:00,0.013892869668061802,0.014907558169934054,0.012367072055187167,-0.003373150238891287,-0.023549146802787968,-0.011292228606193389
2024-04-27 00:00:00+00:00,0.0,0.0,0.0,0.004000565322159755,0.007348671491729686,-0.00483032698285546
2024-04-28 00:00:00+00:00,0.0,0.0,0.0,-0.0014545556983743824,-0.010107135966907488,-0.0054104835682718955
2024-04-29 00:00:00+00:00,0.0,0.0,0.0,0.0006233857403590282,-0.00678078323910114,0.011840879917843994
2024-04-30 00:00:00+00:00,0.0,0.0,0.0,0.000609986278349961,-0.06265726913510539,-0.05001096044843889
2024-05-01 00:00:00+00:00,0.0,0.0,0.0,0.0005652760208438856,0.009509059472389225,-0.03802462420886055
2024-05-02 00:00:00+00:00,0.0,0.0,0.0,0.002491827777884259,0.032663649857702426,0.011918793070570644
2024-05-03 00:00:00+00:00,0.0,0.0,0.0,0.0005655178226138258,0.04617115292134266,0.06470302287768415
2024-05-04 00:00:00+00:00,0.0,0.0,0.0,-0.00017910875911142377,0.0001303954776967764,0.01606230462416791
2024-05-05 00:00:00+00:00,0.0,0.0,0.0,-0.00012899228203366864,0.023716019452876935,0.0018775421789631874
2024-05-06 00:00:00+00:00,0.0,0.0,0.0,-0.0001692894419056401,-0.005480072775687961,-0.01322892582640578
2024-05-07 00:00:00+00:00,0.0,0.0,0.0,-0.0006513661420382011,-0.010142453626505898,-0.01350601494272552
2024-05-08 00:00:00+00:00,0.0,0.0,0.0,-0.00019865666538487758,-0.0018226683352545736,-0.01795879707433845
2024-05-09 00:00:00+00:00,0.0,0.0,0.0,0.0020135267694594283,0.0382986355434467,0.030738468090237614
2024-05-10 00:00:00+00:00,0.0,0.0,0.0,-0.002553765943305697,-0.03650894615126998,-0.03605320162773784
2024-05-11 00:00:00+00:00,0.0,0.0,0.0,-0.003711820327198745,-0.001814584765516103,0.0004276316492808352
2024-05-12 00:00:00+00:00,0.0,0.0,0.0,-0.0032305380557937635,0.0003841311911947365,0.010817744191257361
2024-05-13 00:00:00+00:00,0.0,0.0,0.0,0.0015468974910808342,-0.008253164591656925,0.02368242529478004
2024-05-14 00:00:00+00:00,0.0,0.0,0.0,-0.002537422636467057,-0.03473879902403998,-0.021649003306000503
2024-05-15 00:00:00+00:00,0.0,0.0,0.0,0.002922737157950772,0.07013609872022997,0.07517373637671798
2024-05-16 00:00:00+00:00,0.0,0.0,0.0,0.0007011757382688888,-0.007177494323926337,-0.014670613912530994
2024-05-17 00:00:00+00:00,0.0,0.0,0.0,0.0015757913162899317,0.029783394351630577,0.027420621471135886
2024-05-18 00:00:00+00:00,0.0,0.0,0.0,0.0005394607384756611,0.005464419684148902,-0.0016232991167346444
2024-05-19 00:00:00+00:00,0.0,0.0,0.0,-0.005064391759994291,-0.02823589705392815,-0.009582127827459819
2024-05-20 00:00:00+00:00,0.0,0.0,0.0,0.007928799250655816,0.08818501120654099,0.07804884599558681
2024-05-21 00:00:00+00:00,0.0,0.0,0.0,0.0009179148167259843,-0.0050975385339872,-0.01817132846872216
2024-05-22 00:00:00+00:00,0.0,0.0,0.0,-0.0006414807213747098,-0.0158026563979502,-0.013994914206094111
2024-05-23 00:00:00+00:00,0.0,0.0,0.0,0.006650375044856993,-0.021424656327633906,-0.017305602037516077
2024-05-24 00:00:00+00:00,0.0,0.0,0.0,0.0015607523082663555,0.012309722346503849,0.008538222574340448
2024-05-25 00:00:00+00:00,0.0,0.0,0.0,0.0029200931125463736,0.011190375024767052,0.010803502670096554
2024-05-26 00:00:00+00:00,0.0,0.0,0.0,-0.003562985073789382,-0.017893609376147368,-0.01129879578130244
2024-05-27 00:00:00+00:00,0.0,0.0,0.0,0.001816874341137975,0.02332831471128327,0.01355702215532828
2024-05-28 00:00:00+00:00,0.0,0.0,0.0,0.0017553032684498593,-0.016507133125752027,-0.014949501292044975
2024-05-29 00:00:00+00:00,0.0,0.0,0.0,0.002560245488547608,-0.007493777560425019,-0.010906250863506495
2024-05-30 00:00:00+00:00,0.0,0.0,0.0,-0.0014182354429296273,-0.0048795848169549405,0.010343310704921782
2024-05-31 00:00:00+00:00,0.0,0.0,0.0,-0.0012559092103557878,-0.004088728722803303,-0.011881992919903106
2024-06-01 00:00:00+00:00,0.0,0.0,0.0,-0.0026549395208036453,0.008169557153866247,0.00335860181246761
2024-06-02 00:00:00+00:00,0.0,0.0,0.0,-0.0007775006896232339,-0.014195289289859692,-1.8002902599123516e-05
2024-06-03 00:00:00+00:00,0.0,0.0,0.0,0.0006632733586189321,0.007154708037723001,0.01541002422614568
2024-06-04 00:00:00+00:00,0.0,0.0,0.0,-0.0019783388761906995,0.030230298806334543,0.025111793506458202
2024-06-05 00:00:00+00:00,0.0,0.0,0.0,-0.005446209963648196,0.012410514523268246,0.008083037416512395
2024-06-06 00:00:00+00:00,0.0,0.0,0.0,0.0025875467911899985,-0.012596734781419872,-0.004344658828824177
2024-06-07 00:00:00+00:00,0.0,0.0,0.0,0.006094269774572059,-0.062428817491950395,-0.020388123797122404
2024-06-08 00:00:00+00:00,0.0,0.0,0.0,0.0021859148467660017,-0.027115207013023723,-0.0006508486697549554
2024-06-09 00:00:00+00:00,0.0,0.0,0.0,0.005624027523624564,0.013011920612816086,0.004871991904250805
2024-06-10 00:00:00+00:00,0.0,0.0,0.0,0.0029307189503835485,-0.02083826400415567,-0.0015526617078354121
2024-06-11 00:00:00+00:00,0.0,0.0,0.0,-8.35162606794837e-05,-0.0508684477931407,-0.03200690250215654
2024-06-12 00:00:00+00:00,0.0058076511818161425,0.006807206455437198,0.0,0.00019502558571393713,0.044715849869646496,0.014109198885703611
2024-06-13 00:00:00+00:00,0.015383046473624873,0.015383046473624873,0.0,-0.0006993793473578647,-0.045873397250385084,-0.02184138372222233
2024-06-14 00:00:00+00:00,-0.003157540418103344,-0.003157540418103344,0.0,0.0003727224522604988,-0.02446281866620692,-0.010917884336801409
2024-06-15 00:00:00+00:00,0.011956414560225337,0.011956414560225337,0.0,-0.0007551584318620241,0.013449752788204927,0.0027899586321196157
2024-06-16 00:00:00+00:00,-0.003058775855434126,-0.003058775855434126,0.0,-0.0007059930229048605,0.011241926003841218,0.0067738465080982024
2024-06-17 00:00:00+00:00,-0.006557095021552994,-0.006557095021552994,0.0,0.000283642688930108,-0.057940825229147896,-0.002587703951910103
2024-06-18 00:00:00+00:00,-0.02546721754117587,-0.02546721754117587,-0.007468095326984003,-0.00015083031819829174,-0.06129668558141543,-0.019983811580388422
2024-06-19 00:00:00+00:00,0.01077298435635754,0.01077298435635754,0.010703686350067132,-0.00098406720319677,0.025935521356069247,-0.0030832222994832126
2024-06-20 00:00:00+00:00,0.004763681301842793,0.004763681301842793,0.004137108475707585,0.0011785249199025571,0.0013717745408452497,-0.0016064796011101556
2024-06-21 00:00:00+00:00,-0.004494549754598176,-0.004494549754598176,-0.0043059500299813536,0.00038254314599606154,-0.0024868916355956783,-0.011198244365383747
2024-06-22 00:00:00+00:00,0.005270971204809793,0.005270971204809793,0.005193017655284571,-0.0011444301366444476,-0.007297629500279457,0.0018466390078741846
2024-06-23 00:00:00+00:00,-0.009227764938334992,-0.009227764938334992,-0.008207716255420161,-0.0010704262468232972,-0.022334781026793094,-0.016370480786391473
2024-06-24 00:00:00+00:00,-0.03116082674926368,-0.03116082674926368,-0.028485400257289073,-0.0024310986957776226,0.011854045229099608,-0.04614316624851156
2024-06-25 00:00:00+00:00,0.0012150983780780944,0.0022177737547763865,-0.0008590849327226868,-0.003367344715502707,0.023515929442347483,0.025089189014368518
2024-06-26 00:00:00+00:00,0.0,0.0,0.0,-0.004796967744532532,-0.004799106643234907,-0.015225380185518667
2024-06-27 00:00:00+00:00,0.0,0.0,-0.0008615234432466368,0.003193169955563624,0.01880235562524124,0.013825353458531753
2024-06-28 00:00:00+00:00,0.0,0.0,-0.0001624493665474125,0.0011372107958709243,-0.027415802093580077,-0.020721165868021196
2024-06-29 00:00:00+00:00,0.0,0.0,0.0011615659863546401,-0.0038213900960251124,-0.006373570042368826,0.009248055201046546
2024-06-30 00:00:00+00:00,0.0011652643605795099,0.0013321323722756961,-0.00025931083661434595,0.0021390084220445083,0.033676700980545426,0.02927409722910057
2024-07-01 00:00:00+00:00,-0.003645015567743659,-0.003645015567743659,-0.0011458947269500364,0.0013973051212246013,-0.010755092272638711,0.002038806786654801
2024-07-02 00:00:00+00:00,-0.0017240859898088878,-0.0017240859898088878,-0.0017007468493055455,0.006778815259382842,0.011522055575809542,-0.01215453293394908
2024-07-03 00:00:00+00:00,0.0028052187724658673,0.0028052187724658673,0.0031359470709568793,0.007840056502177006,-0.05588141886915077,-0.031011111688700965
2024-07-04 00:00:00+00:00,-0.002773356867012633,-0.0026067890967786944,-0.003358035048524499,-0.006581909722672585,-0.0877151842993329,-0.05246046327616494
2024-07-05 00:00:00+00:00,-0.0069421265432951795,-0.006776307724590813,-0.009851158735662224,-0.002602594754733567,-0.014628404516339844,-0.007383346646215427
2024-07-06 00:00:00+00:00,-0.000676799529507055,-0.0003434242778588281,0.005021307392739205,-0.0012991696781680107,0.0658049204080029,0.028277842419024868
2024-07-07 00:00:00+00:00,-0.0010280657540635563,-2.8897104646041782e-05,-0.009381097035652819,-0.0002496216822998054,-0.07066256272201821,-0.040740420809640465
2024-07-08 00:00:00+00:00,-0.0070561016302445045,-0.0065597087966664525,0.003424245719578556,0.002666495768320898,0.03508767499207277,0.01533912625647127
2024-07-09 00:00:00+00:00,-0.01678571653843708,-0.0159647989997167,-0.01964949585905018,-0.004065830105647317,0.024806926007149732,0.02354560429039343
2024-07-10 00:00:00+00:00,-0.005753042188160418,-0.004924287551969719,-0.0024662557224444104,-0.0023796446290266227,0.00780865083395188,-0.005583979328165012
2024-07-11 00:00:00+00:00,0.0027715013862861237,0.002938137094033344,0.006080767065381076,0.00038820836826247707,-0.0059569357530884215,-0.00668608604290899
2024-07-12 00:00:00+00:00,0.004765678055483891,0.004765678055483891,0.0039818513790035315,-0.0011518724458897678,0.02554961962143021,0.009578148824493704
2024-07-13 00:00:00+00:00,-0.017395390195695914,-0.014767739302875338,-0.038715854221433865,0.004650844746340699,0.02905143301207813,0.022714466108471942
2024-07-14 00:00:00+00:00,-0.005230725946669068,-0.0027396861252536597,-0.015502998921048339,-0.00040757740137875587,0.025200733350606574,0.026921989418962067
2024-07-15 00:00:00+00:00,-0.002916678812174167,-0.0022518973012527477,0.0060280047488114885,0.006387140393169677,0.05517495803575878,0.06457837119729981
2024-07-16 00:00:00+00:00,-0.011714062534684433,-0.011055200143262778,-0.05265202775375488,-0.0038314572932647284,0.0060027738940549025,0.004941741983746972
2024-07-17 00:00:00+00:00,0.0032129155745126425,0.0032129155745126425,-0.0070071462760235015,-0.007252827713575161,-0.006381375931751809,-0.014697745325892075
2024-07-18 00:00:00+00:00,0.001269021467930953,0.001269021467930953,0.003366781265699892,0.007876436193778424,-0.014069234119536533,-0.001561447004345351
2024-07-19 00:00:00+00:00,-0.005125387149965688,-0.0036315860175741843,0.01923577086294448,0.0039156425963582375,0.036132719742867137,0.041759132036171875
2024-07-20 00:00:00+00:00,-0.00015423180345719434,1.2505707112087094e-05,-0.007841561748763048,-0.006903109972485222,0.013568339530832807,0.007200120012000877
2024-07-21 00:00:00+00:00,-0.0018085204106103037,-0.0018085204106103037,-0.020228896261982432,-0.004556759916432451,0.02457473108194974,0.015272276003738927
2024-07-22 00:00:00+00:00,0.003875950525572769,0.003875950525572769,0.002854200420096875,-0.005423430775797433,-0.0470826574120079,-0.009291085469536386
2024-07-23 00:00:00+00:00,0.0007378524643881779,0.0007378524643881779,0.007670985317044465,-0.002387670309329515,-0.02598083532591222,-0.023633237038258925
2024-07-24 00:00:00+00:00,-0.0018386292794301262,-0.0018386292794301262,-0.01838478472631777,-0.002865728864994588,-0.015705611313269086,-0.008493234576977371
2024-07-25 00:00:00+00:00,5.709830046107811e-05,0.00039033314439507194,0.01104084815819295,-0.00036493468457299283,-0.015968258578181516,0.006484795643661556
2024-07-26 00:00:00+00:00,0.0,0.0,0.0,-0.0015767411061474723,0.04830160720317189,0.032037106411173744
2024-07-27 00:00:00+00:00,0.0,0.0,0.0,-8.109637209285925e-05,-0.0031815434037435475,-0.0001691995301289495
2024-07-28 00:00:00+00:00,0.0,0.0,0.0,-0.0015142205903698747,-0.01406777952785998,0.005204686544963089
2024-07-29 00:00:00+00:00,0.0,0.0,0.0,-0.0057966308549474155,0.0011759414004131052,-0.021468023093960675
2024-07-30 00:00:00+00:00,0.0,0.0,0.0,-0.0025819527951109755,-0.02187615430273282,-0.008934532749945823
2024-07-31 00:00:00+00:00,0.0,0.0,0.0,-0.003568109030588018,-0.0173930468838307,-0.02356922705022102
2024-08-01 00:00:00+00:00,0.0,0.0,0.0,-0.0001956727870114916,-0.012440076208641848,0.011233830537847211
2024-08-02 00:00:00+00:00,0.0,0.0,0.0,-0.004929646909190621,-0.0663441506875686,-0.058996982894089056
2024-08-03 00:00:00+00:00,0.0,0.0,0.0,-0.002342739366173352,-0.03815138457743861,-0.013014011925202795
2024-08-04 00:00:00+00:00,0.0,0.0,0.0,-0.0026163199159904282,-0.054706072086334157,-0.04179693594466605
2024-08-05 00:00:00+00:00,0.0,0.0,0.0,-0.0028525021099232717,-0.07553943913272476,-0.07121937380719001
2024-08-06 00:00:00+00:00,0.0,0.0,0.0,-0.002529417750078644,0.0566453687715649,0.03708337891930591
2024-08-07 00:00:00+00:00,0.0,0.0,0.0,-0.008376086655851434,-0.025124827161079555,-0.015848235363206675
2024-08-08 00:00:00+00:00,0.0,0.0,0.0,-0.001375386007624324,0.11115690819147228,0.1188343125205844
2024-08-09 00:00:00+00:00,0.0,0.0,0.0,-0.0018609479497500026,-0.01487272732067868,-0.013747043696631489
2024-08-10 00:00:00+00:00,0.0,0.0,0.0,0.0034149415444291176,0.009858540600272692,0.0014057006156846796
2024-08-11 00:00:00+00:00,0.0,0.0,0.0,-0.001659658859380575,-0.05504154319307275,-0.03629009556409346
2024-08-12 00:00:00+00:00,0.0,0.0,0.0,3.904146583666446e-05,0.04819464664185391,0.0107992169992841
2024-08-13 00:00:00+00:00,0.0,0.0,0.0,-0.0016883220229123586,0.008003481945988877,0.02090278404977819
2024-08-14 00:00:00+00:00,0.0,0.0,0.0,-0.0032572524811138592,-0.01587841307248572,-0.03142184440099893
2024-08-15 00:00:00+00:00,0.0,0.0,0.0,-0.0036140219074317637,-0.0235329265401949,-0.01946598517911058
2024-08-16 00:00:00+00:00,0.0,0.0,0.0,-0.0027077584732051463,0.005545343674079106,0.023175450712934254
2024-08-17 00:00:00+00:00,0.0,0.0,0.0,0.0029637129050712474,0.017863623579124743,0.010486525598474516
2024-08-18 00:00:00+00:00,0.0,0.0,0.0,0.0008793791199195322,-0.006977084821584212,-0.017895518371463304
2024-08-19 00:00:00+00:00,0.0,0.0,0.0,-0.0035340007256632333,0.02933858482230245,0.017306107499312384
2024-08-20 00:00:00+00:00,0.0,0.0,0.0,0.002537743785326896,0.008439598691740935,-0.007145200501357141
2024-08-21 00:00:00+00:00,0.0,0.0,0.0,0.003760334974737045,0.04869028117977359,0.03630049242719369
2024-08-22 00:00:00+00:00,0.0,0.0,0.0,-0.0016283596132774525,0.011935912246063829,-0.012757368324922802
2024-08-23 00:00:00+00:00,0.0,0.0,0.0,0.0029445704424748698,0.0649704997204068,0.06064346268308718
2024-08-24 00:00:00+00:00,0.0,0.0,0.00017169759654978023,0.003885741895753192,0.007510401727662375,0.0018703179587373775
2024-08-25 00:00:00+00:00,0.0,0.0,-0.003651911224756832,0.0006339483002455459,-0.01833068247742653,0.000981810093706903
2024-08-26 00:00:00+00:00,0.0,0.0,-0.0026944060019129523,0.0001600171892652824,-0.04479675592300714,-0.02158206166303378
2024-08-27 00:00:00+00:00,0.0008621076077173218,0.0009621572730476036,-0.002276400305191384,0.0001511784948178274,-0.05061606822298581,-0.054413215774897994
2024-08-28 00:00:00+00:00,0.002569533200154517,0.002569533200154517,0.0038884431038830325,-0.002237962056706788,-0.011078298016634403,-0.006397374400403333
2024-08-29 00:00:00+00:00,0.0025985434289774734,0.0026486772911533674,0.005058507552508029,0.0014040382470792423,-0.006751748631702248,0.005490142271773468
2024-08-30 00:00:00+00:00,0.00013568087042559185,0.00013568087042559185,0.00034163233878281574,-0.00036676186503226127,0.0026680037073900653,-0.003959297838692422
2024-08-31 00:00:00+00:00,0.0005402501394693449,0.0005402501394693449,0.0009493741440003145,0.0006687144092529795,-0.015831524873523684,-0.002537041224721537
2024-09-01 00:00:00+00:00,-0.0017797926393234853,-0.0017797926393234853,-0.006273704233742516,0.0006631549537625681,-0.04375326656513301,-0.028353686091106445
2024-09-02 00:00:00+00:00,2.1142584596844927e-05,2.1142584596844927e-05,0.0016145166055716587,-0.00196397490343192,0.04493865290584553,0.03194084799341668
2024-09-03 00:00:00+00:00,0.0001400916407632291,0.0001400916407632291,0.0007289105170558141,0.00031738358507382713,-0.043044424721139785,-0.02780890862548069
2024-09-04 00:00:00+00:00,0.0010949523122243399,0.0011450065976159607,0.0014202731727577245,-0.0010710522186817562,0.025946502440495234,0.008404750022309226
2024-09-05 00:00:00+00:00,0.002858910229105893,0.0029090388891883645,0.002782069070427884,-0.0009961797854052268,-0.02365297636502728,-0.03089308601384444
2024-09-06 00:00:00+00:00,-6.197945475916455e-05,-6.197945475916455e-05,-0.0027672195064649685,0.0006531962710372152,-0.035053337196288004,-0.03946297614809602
2024-09-07 00:00:00+00:00,0.002897156307346771,0.002897156307346771,0.0042440404373249585,-0.0009762931373810124,0.015068732383154648,0.0036671443399074466
2024-09-08 00:00:00+00:00,0.00023129960299161922,0.00023129960299161922,-0.0012598532255239103,-0.003342015161053258,0.025614576405748046,0.013092295801800047
2024-09-09 00:00:00+00:00,-1.837715620645053e-05,8.161439653808777e-05,0.0035182121063850325,-0.00030615027555402907,0.04101483205158685,0.03958541970605234
2024-09-10 00:00:00+00:00,-0.004322291076608087,-0.004322291076608087,-0.00751723852936681,1.187264181323755e-05,0.014174407222196983,0.010413204305599777
2024-09-11 00:00:00+00:00,4.0265544429818334e-05,9.024440510874143e-05,-0.0012729078209440248,0.000552711067778322,-0.00788637835477557,-0.005170207018219353
2024-09-12 00:00:00+00:00,0.00112765978643381,0.00112765978643381,0.0011537417886176016,-0.002389512815705541,0.02054443364389069,0.013853291011196811
2024-09-13 00:00:00+00:00,0.0015517874573838242,0.0015517874573838242,0.004313065202091515,0.003245107626161925,0.020226247498862593,0.04069474605520629
2024-09-14 00:00:00+00:00,-0.0012736375757668172,-0.0012736375757668172,-0.0018355373357817895,0.0045781178419330715,-0.007409569344436817,-0.008346887500412792
2024-09-15 00:00:00+00:00,0.00041388904506334256,0.00041388904506334256,-0.002658174078751907,0.00020636995036604766,-0.034088391550746944,-0.014352167243428915
2024-09-16 00:00:00+00:00,0.001761820969595096,0.001761820969595096,0.002378352791670535,0.000875329733396768,-0.020327017277069648,-0.01552475816816623
2024-09-17 00:00:00+00:00,-0.0018979854164570265,-0.0018979854164570265,-0.0004547886834188608,-0.0013205224952030914,0.02041992070146814,0.036073802877967465
2024-09-18 00:00:00+00:00,-0.0006981011715612162,-0.0006981011715612162,0.0020665866680367184,-0.000875592965540517,0.029815726191112057,0.023974537250811778
2024-09-19 00:00:00+00:00,-0.00024160226849123667,-0.00024160226849123667,0.0022713774486675664,-0.00048342313564131434,0.027041816752645165,0.019235754409934858
2024-09-20 00:00:00+00:00,-0.003538403632694309,-0.003538403632694309,-0.0009607390949987193,-0.002640624582239126,0.022445382342205056,0.004020144249244684
2024-09-21 00:00:00+00:00,0.0024856140933660065,0.0024856140933660065,0.005129786737615216,0.007963969343726562,0.017167892597241607,0.0023403092195457553
2024-09-22 00:00:00+00:00,-0.0021953637626416223,-0.0021953637626416223,-0.004076970333012464,-0.0038406321134679677,-0.022472217321529486,0.003627526008320725
2024-09-23 00:00:00+00:00,-0.00047895840088629793,-0.00027906077004580254,-0.0007830635844688905,-0.001363292826489837,0.03125960280333295,-0.003755499478128921
2024-09-24 00:00:00+00:00,0.0,0.0,0.004968129404973043,-0.0011986319171943816,0.021695422940048115,0.014567574134446204
2024-09-25 00:00:00+00:00,0.0,0.0,-0.005949897893377187,0.008783346813018733,-0.016609344629742284,-0.01728358752433501
2024-09-26 00:00:00+00:00,0.004702682995828322,0.004953382403526163,-0.0032538832333395273,-0.002231613549262046,0.044382954135544495,0.032017666579417625
2024-09-27 00:00:00+00:00,-0.0009004871335083209,-0.0009004871335083209,-0.0021507946641965425,0.00014579882467846694,0.023977821044686376,0.00914413863567387
2024-09-28 00:00:00+00:00,0.00425956863791388,0.00451078841961805,0.0032876347694172914,0.0039274026073730095,-0.009967482043987785,0.0013387572896126354
2024-09-29 00:00:00+00:00,0.0015325096727125675,0.0015325096727125675,0.0018843859147814612,-0.004155273992229036,0.002943163005191707,-0.003886999301528138
2024-09-30 00:00:00+00:00,0.0017770227988531673,0.0017770227988531673,0.00462109478789996,-0.0019495735756113186,-0.05256236194651964,-0.034669974288895844
2024-10-01 00:00:00+00:00,0.007412729511694582,0.007412729511694582,0.006477619422242231,0.00191656465560186,-0.06819945661818183,-0.03982166382772534
2024-10-02 00:00:00+00:00,0.004625379845246691,0.004625379845246691,0.0041204672601762304,0.0024874683051727686,-0.0226872893238802,-0.002573768480563454
2024-10-03 00:00:00+00:00,0.010546359801726801,0.010546359801726801,0.009725799065345209,0.007677989009368336,-0.00683531919731406,0.001705378860227258
2024-10-04 00:00:00+00:00,-0.010487069200942556,-0.010487069200942556,-0.0072453809121120205,-0.006404995943757652,0.03924105896879371,0.021946181495443806
2024-10-05 00:00:00+00:00,0.0007694466666587907,0.0007694466666587907,-0.0004817005736993396,0.0003484935757265273,-0.00441480617182477,-0.0004509873401412623
2024-10-06 00:00:00+00:00,-0.006109529374236589,-0.006109529374236589,-0.00441652563346473,-0.0011754959547175536,0.026820710303228745,0.012277385671467744
2024-10-07 00:00:00+00:00,0.004258610971139332,0.004258610971139332,0.0040656263313541,0.0031426977035180492,-0.016036188667937323,-0.009486005312646983
2024-10-08 00:00:00+00:00,0.012546238008613653,0.012546238008613653,0.011280087132665484,0.0011839663207422468,-0.006742796886268776,-0.0010206672666482897
2024-10-09 00:00:00+00:00,-0.0059288604276211965,-0.0059288604276211965,-0.00722202912238612,-0.0002659800533335588,-0.026962977765400464,-0.02452474232426538
2024-10-10 00:00:00+00:00,0.007477421769869874,0.007729476663847601,0.004677952169340749,0.0009420337495922304,0.01017868970207747,-0.005106370767737234
2024-10-11 00:00:00+00:00,-0.003858285640949033,-0.003858285640949033,-0.007880860247681976,-0.0037016414644501783,0.032131149926324376,0.036693891346721186
2024-10-12 00:00:00+00:00,0.00016515410866557723,0.00016515410866557723,0.0013266463704519893,-0.007260602186229925,0.012063089446087805,0.010652702270547598
2024-10-13 00:00:00+00:00,-0.0030838825501228184,-0.0030838825501228184,-0.0065804802576716614,-0.007120457163040217,-0.005426765037991332,-0.005319096759781594
2024-10-14 00:00:00+00:00,0.011953396921247306,0.011953396921247306,0.020069744275308832,0.009010980324000162,0.05186022161678894,0.0511208681021571
2024-10-15 00:00:00+00:00,-0.00024999999999997247,0.0,0.00982815607535148,0.004556146857385368,-0.008853944815062742,0.01498320546323062
2024-10-16 00:00:00+00:00,0.0,0.0,-0.002893230003877867,-0.00139596502041206,-0.011711217922172001,0.008138307848598814
2024-10-17 00:00:00+00:00,0.0,0.0,0.0035277819027728086,0.0011511542040585354,-0.01426255129295484,-0.0029315286998634615
2024-10-18 00:00:00+00:00,-0.0036394100031418297,-0.003390541546707926,-0.0013884366837129125,0.0018781149674822473,0.025099403296624745,0.014924257413553743
2024-10-19 00:00:00+00:00,-0.01683575351127553,-0.014620230927192335,-0.0006845377112401074,0.00365909237065698,0.008927065362143383,-0.0007306950371187559
2024-10-20 00:00:00+00:00,0.0029818656921756226,0.003985945346132169,0.007060770327468102,0.003845722355631187,0.03575154006836012,0.009564333557576798
2024-10-21 00:00:00+00:00,0.0009648144578180418,0.0014653626702914035,0.0015425379560347618,0.0007735221343463383,-0.022765257240387804,-0.02396700428308629
2024-10-22 00:00:00+00:00,-0.0012647301214921969,-0.0005155497737586723,-0.004442898531455852,0.004073592473318621,-0.0034245072373872976,0.0007198248673518926
2024-10-23 00:00:00+00:00,0.0020927349750801127,0.002844870370118713,0.0014389570445578759,-0.005979463304818022,-0.019486368885077487,-0.01123231394417501
2024-10-24 00:00:00+00:00,0.0,0.0,0.0,0.00016274873220845087,0.01480447153341169,0.022943767422919814
2024-10-25 00:00:00+00:00,0.0,0.0,0.0,0.00018635811649914125,-0.06990478799194866,-0.021993956445822915
2024-10-26 00:00:00+00:00,0.0,0.0,0.0,-0.003228874331395293,0.015429310312714772,0.0059136413160574275
2024-10-27 00:00:00+00:00,0.0,0.0,0.0,-0.0033187448040494782,0.024925165311045827,0.01384560718623118
2024-10-28 00:00:00+00:00,0.0,0.0,0.0,-0.0019228146970819981,0.01107831968834816,0.028527808037728475
2024-10-29 00:00:00+00:00,0.0,0.0,0.0,-0.0006767693480033143,0.032010558293123825,0.03965297837217996
2024-10-30 00:00:00+00:00,0.0,0.0,0.0,0.004869951580052323,-0.011528812864007532,-0.005384922711345941
2024-10-31 00:00:00+00:00,0.0,0.0,0.0,-0.0006643821963925323,-0.04194861921847204,-0.02837428125389463
2024-11-01 00:00:00+00:00,0.0,0.0,0.0,-0.002531525132509427,-0.0059758749133802525,-0.011324188908526711
2024-11-02 00:00:00+00:00,0.0,0.0,0.0,0.002493296828544711,-0.012804644736094106,-0.0017449922664626305
2024-11-03 00:00:00+00:00,0.0,0.0,0.0,-0.000180246528716288,-0.03514120609643012,-0.008630662976178649
2024-11-04 00:00:00+00:00,0.0,0.0,0.0,4.26832700619606e-05,-0.020468086867210467,-0.01346371022794568
2024-11-05 00:00:00+00:00,0.0,0.0,0.0,0.0001674258205064394,0.0395067532591189,0.022431831623901166
2024-11-06 00:00:00+00:00,0.0,0.0,0.0,4.4317436046270586e-05,0.11845491445664047,0.08937293297397608
2024-11-07 00:00:00+00:00,0.0,0.0,0.0,0.0021426954941512477,0.015942585304798307,0.0037831476979768297
2024-11-08 00:00:00+00:00,0.0,0.0,0.0,-0.0018547393935304246,0.030137446843023552,0.008593568843001664
2024-11-09 00:00:00+00:00,0.0,0.0,0.0,-0.0018895620099952382,0.04356276372242873,0.0021916152418692825
2024-11-10 00:00:00+00:00,0.0,0.0,0.0,-0.006103164143000606,0.058343515948699576,0.04815691599591143
2024-11-11 00:00:00+00:00,0.0,0.0,0.0,-0.0012710975746877962,0.05990769346709124,0.10299836966550235
2024-11-12 00:00:00+00:00,0.0,0.0,0.0,0.003235314581075066,-0.04239396310834598,-0.007851052234801204
2024-11-13 00:00:00+00:00,0.0,0.0,0.0,0.0035725688226484476,-0.020713399823814038,0.027551274837266604
2024-11-14 00:00:00+00:00,0.0,0.0,0.0,-0.008365521380035101,-0.03240185662181261,-0.03374388106471693
2024-11-15 00:00:00+00:00,0.0,0.0,0.0,0.000479531572495695,0.06463692990223469,0.042444373980181194
2024-11-16 00:00:00+00:00,0.0,0.0,0.0,0.0034801970950268935,0.0728998478387568,-0.004890034907477303
2024-11-17 00:00:00+00:00,0.0,0.0,0.0,-0.003786764371032203,-0.02729973568498778,-0.008068824947354725
2024-11-18 00:00:00+00:00,0.0,0.0,0.0,0.005027940030163824,0.06611473193778616,0.006767384122082332
2024-11-19 00:00:00+00:00,0.0,0.0,0.0,-0.003220365630806743,-0.02219392600587744,0.0204137376956679
2024-11-20 00:00:00+00:00,0.0,0.0,0.0,0.0008691330991985602,-0.029280296187769617,0.021403456735665793
2024-11-21 00:00:00+00:00,0.0,0.0,0.0,-6.900256407371685e-05,0.059815746850160334,0.04274798019993553
2024-11-22 00:00:00+00:00,0.0,0.0,0.0,-0.000598396332133988,0.06154498972364375,0.00584720138262762
2024-11-23 00:00:00+00:00,0.0,0.0,0.0,-0.016567497446732915,0.06603471727801602,-0.012332645714516643
2024-11-24 00:00:00+00:00,0.0,0.0,0.0,0.013656739429750653,0.026146333595707727,0.002330648166727345
2024-11-25 00:00:00+00:00,0.0,0.0,0.0,0.012186870822117113,-0.038696117739123514,-0.049949213503895584
2024-11-26 00:00:00+00:00,0.0,0.0,0.0,-0.0010860959677948534,-0.0054522795037972305,-0.01123373709991049
2024-11-27 00:00:00+00:00,0.0,0.0,0.0,0.0029354343196106303,0.06972593025016671,0.04238507278190995
2024-11-28 00:00:00+00:00,0.0,0.0,0.0,0.006807578003817927,0.0008005563791784187,-0.0022858636653865227
2024-11-29 00:00:00+00:00,0.0,0.0,0.0,0.011144342005044994,0.03470108107587433,0.018987290156682102
2024-11-30 00:00:00+00:00,0.0,0.0,0.0,-0.001997051143668993,0.032858286967238914,-0.010794274574184692
2024-12-01 00:00:00+00:00,0.0,0.0,0.0,0.003947645569713831,0.03260603154103814,0.00806146876415581
2024-12-02 00:00:00+00:00,0.0,0.0,0.0,-0.002726883872084529,0.0756106064066413,-0.013835031225954864
2024-12-03 00:00:00+00:00,0.0,0.0,0.0,0.011256309808481468,0.049736204451183985,9.463628261152657e-05
2024-12-04 00:00:00+00:00,0.0,0.0,0.0,0.00718464957411169,0.010986948247334372,0.028561699051922185
2024-12-05 00:00:00+00:00,0.0,0.0,0.0,-0.00614350981628542,-0.011039075298195589,-0.016652141472147997
2024-12-06 00:00:00+00:00,0.0,0.0,0.0,-0.0020236584621451392,0.05814697120580048,0.028832759145512643
2024-12-07 00:00:00+00:00,0.0,0.0,0.0,-0.006208594050784333,-0.013565731986102447,0.0009138683812963677
2024-12-08 00:00:00+00:00,0.0,0.0,0.0,0.0014672960825523607,0.009253773681284994,0.012797501081568186
2024-12-09 00:00:00+00:00,0.0,0.0,0.0,-0.0013758209056440318,-0.16199072391348912,-0.037910548346602346
2024-12-10 00:00:00+00:00,0.0,0.0,0.0,-0.0028835197563923387,-0.012188008035802667,-0.007026056763778765
2024-12-11 00:00:00+00:00,0.0,0.0,0.0,0.0016798940231499415,0.07350462212712894,0.04691851376393852
2024-12-12 00:00:00+00:00,0.0,0.0,0.0,0.003489245627337434,0.02102888982712603,-0.011082422744129627
2024-12-13 00:00:00+00:00,0.0,0.0,0.0,0.002807262237380481,0.008783993837329529,0.014198990863291794
2024-12-14 00:00:00+00:00,0.0,0.0,0.0,0.0039388099288051315,-0.03848254732692946,-4.1903193762071744e-05
2024-12-15 00:00:00+00:00,0.0,0.0,0.0,-0.004311472650061154,0.017418358540119305,0.030013705383554523
2024-12-16 00:00:00+00:00,0.0,0.0,0.0,-0.003609329977049325,-0.028432499296594194,0.01526526030644626
2024-12-17 00:00:00+00:00,0.0,0.0,0.0,-0.0012199348212462713,-0.027565649328856967,0.0007079101319962255
2024-12-18 00:00:00+00:00,0.0,0.0,0.0,0.0025609324634023878,-0.09168147347466071,-0.055870357531922155
2024-12-19 00:00:00+00:00,0.0,0.0,0.0,0.012980382843428284,-0.0753189508034331,-0.027365671293993254
2024-12-20 00:00:00+00:00,0.0,0.0,0.0,-0.0032489375480900806,0.033115769240116055,0.003525276451731063
2024-12-21 00:00:00+00:00,0.0,0.0,0.0,0.00284658728928866,-0.04292286068921436,-0.005249707991702324
2024-12-22 00:00:00+00:00,0.0,0.0,0.0,0.0016721975100923991,-0.0037966193687277716,-0.021643302804270403
2024-12-23 00:00:00+00:00,0.0,0.0,0.0,0.0007548170044671121,0.07856424646849769,-0.0032021424938685206
2024-12-24 00:00:00+00:00,0.0,0.0,0.0,-0.0014377460532910558,0.037909708886288085,0.03986141867321402
2024-12-25 00:00:00+00:00,0.0,0.0,0.0,0.004719810513933664,-0.0072765401426876375,0.007763959102233153
2024-12-26 00:00:00+00:00,0.0,0.0,0.0,0.0016302305376156845,-0.06571904149100294,-0.03658870195595698
2024-12-27 00:00:00+00:00,0.0,0.0,0.0,-0.00038437561866189185,-0.0028438334046531066,-0.015581428851799362
2024-12-28 00:00:00+00:00,0.0,0.0,0.0,-0.007662939794426449,0.04660547537589377,0.010614849378620894
2024-12-29 00:00:00+00:00,0.0,0.0,0.0,0.0045453216198640956,-0.04397170865958788,-0.016388247639033793
2024-12-30 00:00:00+00:00,0.0,0.0,0.0,-0.00152832798401914,-0.008253973028580885,-0.010093537106536599
2024-12-31 00:00:00+00:00,0.0,0.0,0.0,0.0029226105473085795,-0.014150195630503681,0.008448460832582105
2025-01-01 00:00:00+00:00,0.0,0.0,0.0,0.003385572564173378,0.04207933781188,0.010855240659997767
2025-01-02 00:00:00+00:00,0.0,0.0,0.0,-0.01193166899122089,0.032187357897615954,0.02529817862628536
2025-01-03 00:00:00+00:00,0.0,0.0,0.0,0.004834379477154593,0.057400292858061475,0.012263675572220079
2025-01-04 00:00:00+00:00,0.0,0.0,0.0,0.005104902660351351,-0.0028338404908886394,0.0004718144831961091
2025-01-05 00:00:00+00:00,0.0,0.0,0.0,0.005607782687802931,0.0038178889175140007,0.0014570278098771094
2025-01-06 00:00:00+00:00,0.013579766461005338,0.014086665713000102,0.0,0.0017409807150603474,0.008890484937153165,0.03936404936744453
2025-01-07 00:00:00+00:00,-0.005811932618350335,-0.005811932618350335,0.0,0.0016778204650134132,-0.09556124450168413,-0.051655098615355555
2025-01-08 00:00:00+00:00,-0.0018404139380923112,-0.0013399284180626303,0.0,-0.0012446773313752324,-0.031550881715138535,-0.01953491432743748
2025-01-09 00:00:00+00:00,0.0002453230149828123,0.0002453230149828123,0.0,0.0007453080992472216,-0.03277719148570235,-0.02638442989162304
2025-01-10 00:00:00+00:00,-0.0024396691659057668,-0.0024396691659057668,0.0,-0.0031123179927557976,0.02591750798784087,0.023485267657304965
2025-01-11 00:00:00+00:00,-0.00800943132726506,-0.00800943132726506,0.0,4.870302373261026e-05,0.003437588839146688,-0.0013314174940791679
2025-01-12 00:00:00+00:00,-0.0016077514080771182,-0.0016077514080771182,0.0,-0.0016372734031915304,-0.013985203890504505,-0.0005806554525011887
2025-01-13 00:00:00+00:00,0.007786018666177341,0.007786018666177341,0.0,0.0012740953705252522,-0.027195259571380803,-9.47696262502129e-05
2025-01-14 00:00:00+00:00,-0.0031221976575852572,-0.0031221976575852572,0.0,-0.002261295851188616,0.040008887898208556,0.02141784990072626
2025-01-15 00:00:00+00:00,-0.004557565109800765,-0.004557565109800765,0.0,0.0013206133733341119,0.07542483315908655,0.040766931860382716
2025-01-16 00:00:00+00:00,-0.01733541258277782,-0.01733541258277782,0.0,-0.00311733908781775,-0.006170347417871813,-0.005075258203325772
2025-01-17 00:00:00+00:00,0.015790593813334475,0.015790593813334475,0.0,0.005284991526392835,0.058604291936458885,0.04090699518838936
2025-01-18 00:00:00+00:00,-0.013479187336562504,-0.013479187336562504,0.0,-5.806052594903299e-05,-0.03957899324661973,0.00459993843048534
2025-01-19 00:00:00+00:00,-0.009629143818347785,-0.009629143818347785,0.0,-0.005038068616044722,-0.08220840151526077,-0.03084139510386008
2025-01-20 00:00:00+00:00,-0.01562620037272322,-0.013657038797875942,0.001714193613681747,-0.0019086345359978774,0.014687566717609624,0.009162396279857488
2025-01-21 00:00:00+00:00,-0.005080752207555883,-0.0027553810433131876,-0.00043196581424975733,-0.001804436716540847,0.036001684583142124,0.03797975376689244
2025-01-22 00:00:00+00:00,0.0019049655760092765,0.0019049655760092765,0.0,0.0018795827405082566,-0.022870926935766422,-0.02296092226565727
2025-01-23 00:00:00+00:00,-0.009242332804728415,-0.008911412070304991,-0.009722496293561367,-0.0066384962739847175,-0.004890463490712205,0.001964001154794559
2025-01-24 00:00:00+00:00,0.003026308895118124,0.003026308895118124,0.0049381604813194535,0.0005414054071759544,-0.016384345646518028,0.009240273874573823
2025-01-25 00:00:00+00:00,0.007981131053871993,0.007981131053871993,0.0075231768382988395,0.0031645175789374314,0.00444182612720323,-0.001179073237944861
2025-01-26 00:00:00+00:00,-0.004907227055225727,-0.004907227055225727,-0.0036301809560566056,0.0028974784071977844,-0.030054267836322035,-0.020304667873068283
2025-01-27 00:00:00+00:00,0.0058000391973087595,0.0058000391973087595,0.002062839944493744,-0.003187560634631992,-0.022887781306489163,-0.0052345546677060595
2025-01-28 00:00:00+00:00,-0.006338710939442382,-0.006338710939442382,-0.0012779106888968217,-0.008636716858935412,-0.05122464274817762,-0.007320623850260666
2025-01-29 00:00:00+00:00,-0.0018418246619573697,-0.0018418246619573697,-0.0014222877719607396,0.0018236655663921297,0.024704436173440314,0.023661199942527578
2025-01-30 00:00:00+00:00,0.004338047255398214,0.004338047255398214,0.00528855209668988,-0.002177023132270639,0.05206336606685169,0.00954081835292131
2025-01-31 00:00:00+00:00,-0.008683448997064747,-0.008683448997064747,-0.008615715182881067,-0.0025541685754930654,-0.0014877620383263457,-0.02189949976576233
2025-02-01 00:00:00+00:00,0.0024788694815349732,0.0024788694815349732,0.004497941060814137,-7.364013355426469e-05,-0.07221956251671302,-0.017513596660962638
2025-02-02 00:00:00+00:00,-0.0005226564832893077,-0.0005226564832893077,0.0058462909090266635,-0.0051740289789606875,-0.11492061331821957,-0.02916521133415595
2025-02-03 00:00:00+00:00,0.008387330993816722,0.008724956812911966,-0.0008935696721280584,0.00014019422527100645,0.02731903595824048,0.03713314320824557
2025-02-04 00:00:00+00:00,-0.010345949399998777,-0.010345949399998777,-0.0014681301350708553,-0.004232615308681242,-0.06840946237668633,-0.035186441092794674
2025-02-05 00:00:00+00:00,-0.001394072869251195,-0.001394072869251195,-0.0010920887923613343,-0.0019062967487698534,-0.019499898645100933,-0.011770285996365759
2025-02-06 00:00:00+00:00,-0.0009795410673699712,-0.0009795410673699712,0.003856065064655523,-0.0033921075751032204,-0.04110159887138243,-0.0006011648811650172
2025-02-07 00:00:00+00:00,0.006564078120786299,0.006564078120786299,0.005926088559280007,-0.0017294161130394503,0.012311663939762907,-0.0004924687494672897
2025-02-08 00:00:00+00:00,0.0037675061265634024,0.0037675061265634024,0.0010743755389304166,0.003939481265129663,0.030000673103749653,-0.000643063493971141
2025-02-09 00:00:00+00:00,0.0016080134894842502,0.0016080134894842502,0.0012463205961670276,-0.0004625656716233939,-0.002055912702052076,0.0001867390590710727
2025-02-10 00:00:00+00:00,-0.0006621803869460985,-0.0006621803869460985,-0.0019029138982621374,0.0021551437954450137,0.0297378166894684,0.010035687350815836
2025-02-11 00:00:00+00:00,0.010720961419970587,0.010720961419970587,0.005414272530490871,0.0015282993038239212,-0.0005772937155152924,-0.016961983897908373
2025-02-12 00:00:00+00:00,0.001765001988670134,0.002098960666766292,0.0,0.009656204913131683,0.05579449358369115,0.021839938524634395
2025-02-13 00:00:00+00:00,-0.0023576191430126903,-0.0023576191430126903,0.0,-0.0027734027062130684,-0.018283237180754752,-0.012893124848588178
2025-02-14 00:00:00+00:00,0.0014749597269108072,0.0014749597269108072,0.0,-0.0003078370009785836,0.01915754160361982,0.009236695789816896
2025-02-15 00:00:00+00:00,-0.0022592156920937523,-0.0022592156920937523,0.0,-0.004959605462770633,-0.016919496863077033,0.0007095349684429486
2025-02-16 00:00:00+00:00,-0.002138236606497923,-0.002138236606497923,0.0,0.003176433895677233,-0.00503866395792274,-0.014876960727342126
2025-02-17 00:00:00+00:00,-0.011247220055657925,-0.011247220055657925,0.0005813290905198887,-0.008401623248058043,-0.003464960431811326,-0.0035177550289153814
2025-02-18 00:00:00+00:00,0.0020458168805348453,0.0020458168805348453,0.001643000360608049,-0.0013874303347145567,-0.03845265897013128,-0.0011302986009602556
2025-02-19 00:00:00+00:00,-0.003245459646697313,-0.003245459646697313,-0.00016846887698196422,0.0005975103117261682,0.027185262426306034,0.010166324977468832
2025-02-20 00:00:00+00:00,-0.0017963470322817088,-0.0011304923374662046,-0.0021484859121641,0.002534162263559736,0.02206743649041698,0.01718289435794329
2025-02-21 00:00:00+00:00,0.0,0.0,0.0,-0.0013512036669194316,-0.03725612963630287,-0.021596256548496173
2025-02-22 00:00:00+00:00,0.0,0.0,0.0,0.0031187321568260096,0.025095550793667876,0.0038367893861182
2025-02-23 00:00:00+00:00,0.0,0.0,0.0,-0.002098875765921382,-0.006440001235440196,-0.0030347688750218538
2025-02-24 00:00:00+00:00,0.0,0.0,0.0,-7.348035966259214e-05,-0.11704139074683517,-0.048880300858111236
2025-02-25 00:00:00+00:00,0.0,0.0,0.0,0.0007582429647896571,0.011591709668233419,-0.031375091641027364
2025-02-26 00:00:00+00:00,0.0,0.0,0.0,0.003144722693657842,-0.00590084670263602,-0.04995816437454126
2025-02-27 00:00:00+00:00,0.0,0.0,0.0,-2.0851833298918265e-05,0.0072836346548705855,0.005442011990729689
2025-02-28 00:00:00+00:00,0.0,0.0,0.0,0.0042796732882410815,-0.0002815729444873849,-0.004233809609368588
2025-03-01 00:00:00+00:00,0.0,0.0,0.0,-0.00293451885854068,-0.0018912216116213632,0.020327103967116456
2025-03-02 00:00:00+00:00,0.0,0.0,0.0,0.0008083901348223677,0.11960285439901641,0.09534090292481712
2025-03-03 00:00:00+00:00,0.0,0.0,0.0,0.0003674623305014446,-0.14747418178363492,-0.08538654927336375
2025-03-04 00:00:00+00:00,0.0,0.0,0.0,0.004275283330997581,0.0020299034354704926,0.01230993378497347
2025-03-05 00:00:00+00:00,0.0,0.0,0.0,-0.007059350629708638,0.04265808813594418,0.03808380607314232
2025-03-06 00:00:00+00:00,0.0,0.0,0.0,-0.0017609380340990466,-0.021127430361283506,-0.007440124556859162
2025-03-07 00:00:00+00:00,0.0,0.0,0.0,-0.0004105465094240701,-0.023964545989020092,-0.03480567349357433
2025-03-08 00:00:00+00:00,0.0,0.0,0.0,5.951517545010887e-06,-0.011169784861820298,-0.006673828580645247
2025-03-09 00:00:00+00:00,0.0,0.0,0.0,-0.00901279676286526,-0.0935964657956605,-0.06365024422293697
2025-03-10 00:00:00+00:00,0.0,0.0,0.0,-0.013256739717766641,-0.043577870852131606,-0.026488223045524784
2025-03-11 00:00:00+00:00,0.0,0.0,0.0,-0.00099240704632797,0.04300224004116293,0.0551826775608788
2025-03-12 00:00:00+00:00,0.0,0.0,0.0,0.0052752032832992235,0.01593044359088136,0.009008839546241543
2025-03-13 00:00:00+00:00,0.0,0.0,0.0,-0.0038596636353455116,-0.014649807637077128,-0.030644554525017353
2025-03-14 00:00:00+00:00,0.0,0.0,0.0,-0.0011919403383979787,0.03314569170649251,0.03534971863674263
2025-03-15 00:00:00+00:00,0.0,0.0,0.0,-2.5886992095491834e-05,0.024349725245692566,0.00422989359776782
2025-03-16 00:00:00+00:00,0.0,0.0,0.0,-0.003908331049419123,-0.03593845253480876,-0.020914662400679296
2025-03-17 00:00:00+00:00,0.0,0.0,0.0,-0.007525932911721656,0.05609926443760971,0.017384295133136662
2025-03-18 00:00:00+00:00,0.0,0.0,0.0,0.004535498014783146,-0.011265556549942213,-0.015414826063031684
2025-03-19 00:00:00+00:00,0.0,0.0,0.0,-0.0032110788695990378,0.03820089168519547,0.04994146771149177
2025-03-20 00:00:00+00:00,0.0,0.0,0.0,-0.0037367306529557665,-0.0294625712392641,-0.0301977271476368
2025-03-21 00:00:00+00:00,0.0,0.0,0.0,0.0011620405340591056,-0.013257365192729464,-0.0015981308755215196
2025-03-22 00:00:00+00:00,0.0,0.0,0.0,0.001550221871402968,0.012653574549995383,-0.0029516419489447054
2025-03-23 00:00:00+00:00,0.0,0.0,0.0,0.0009221445988729648,0.0057078910397494464,0.026740150564303455
2025-03-24 00:00:00+00:00,0.0,0.0,0.0,0.0026948954019978544,0.03534991155407052,0.016445386692999886
2025-03-25 00:00:00+00:00,0.0,0.0,0.0,0.0032726615990534835,0.012984213561537228,-0.0012033395902266708
2025-03-26 00:00:00+00:00,0.0,0.0,0.0,-0.000495422815955826,-0.017918912558619993,-0.005534776464030111
2025-03-27 00:00:00+00:00,0.0,0.0,0.0,-0.0029086207547837084,-0.0015258391260507542,0.0037146828119516417
2025-03-28 00:00:00+00:00,0.0,0.0,0.0,-0.0015321848591188791,-0.06321924727960604,-0.03218577675786749
2025-03-29 00:00:00+00:00,0.0,0.0,0.0,0.002457400519279229,-0.04325891416186989,-0.021034682161716667
2025-03-30 00:00:00+00:00,0.0,0.0,0.0,0.0024736014421429253,-0.0033297569549640693,-0.0031283069247192152
2025-03-31 00:00:00+00:00,0.0,0.0,0.0,-0.0010305303509038355,-0.003412303867755151,0.0019422262340356156
2025-04-01 00:00:00+00:00,0.0,0.0,0.0,0.0006549075915116553,0.022605597692444857,0.03159696770478826
2025-04-02 00:00:00+00:00,0.0,0.0,0.0035758599194475327,-0.0018622775059474739,-0.06233000914644338,-0.03102514680300128
2025-04-03 00:00:00+00:00,0.0005050391801071363,0.0007051390549777103,-0.000572902256494312,-0.008234915062855341,0.008876416511666818,0.008444393222235336
2025-04-04 00:00:00+00:00,0.0030210994361523635,0.0030210994361523635,0.0017516231720935416,-0.0003888264897641269,0.007656752634094044,0.008133095406020807
2025-04-05 00:00:00+00:00,-0.0010850998717785165,-0.0010850998717785165,0.0029336394684640332,0.0003630602178372744,-0.01084856012727553,-0.004194546969735091
2025-04-06 00:00:00+00:00,0.0004002610901803205,0.0004002610901803205,-0.016257800510428022,-0.0001989529677697277,-0.10293463169975237,-0.061145713465215024
2025-04-07 00:00:00+00:00,-0.006727123852632744,-0.006527984948958454,0.005932245176456741,-0.0071603405496303285,0.010562856348174332,0.009348973607037347
2025-04-08 00:00:00+00:00,-0.013608554265156392,-0.013608554265156392,-0.017689682031734377,-0.0010901965560291549,-0.03897712363968697,-0.03588559538492864
2025-04-09 00:00:00+00:00,0.00022756298762782734,0.0006277937804393119,0.002821271562195804,0.005010663741603416,0.10832120941247547,0.08245021580814749
2025-04-10 00:00:00+00:00,-0.002849991918930428,-0.001652251707724317,0.004927355287113855,0.0002478021716008083,-0.03648957665202124,-0.036408787630173745
2025-04-11 00:00:00+00:00,-0.006095449111947593,-0.00510069634116761,-0.008359036484097526,0.0009198077058671927,0.03735756015317038,0.04794208571324443
2025-04-12 00:00:00+00:00,-0.00691188234326634,-0.006114540366230825,-0.0063513747366951145,-0.0031558843882708576,0.04449774648814575,0.02221259534444786
2025-04-13 00:00:00+00:00,9.6515069708758e-05,0.0002966829658568315,-0.007271482695621279,-0.0034909731176910874,-0.037454494215699574,-0.017787935537055266
2025-04-14 00:00:00+00:00,-0.0013806222110204214,-0.001180969302588708,0.000929360841912974,0.001214426339796404,-0.001337555183707484,0.009928127984717872
2025-04-15 00:00:00+00:00,0.0008358783581996487,0.002037730121584591,0.005605557613441725,-0.00046462900584798295,-0.023729830158156662,-0.011201942320973934
2025-04-16 00:00:00+00:00,-0.0032757610133143933,-0.0026775651954539237,0.0018181263989078822,-0.0017819085837410542,0.00017695410664342326,0.004619459210398746
2025-04-17 00:00:00+00:00,-0.004122239859987276,-0.00332521217671522,-0.002040633961611249,-0.0036973539984817005,0.015461012634413906,0.010919027142327176
2025-04-18 00:00:00+00:00,0.005573063876848305,0.005975226748657025,0.006585738338366287,0.004892694994350855,0.010110399922056423,-0.005570707978572509
2025-04-19 00:00:00+00:00,-0.008881921817812888,-0.007889058417758776,-0.008966477742628265,0.0028200409442553642,0.03328481757435542,0.007130183016948788
2025-04-20 00:00:00+00:00,-0.009488159531685914,-0.008892292383339995,-0.017133959259625686,-0.0016435868461379677,0.00787594091303534,0.0012016172171547268
2025-04-21 00:00:00+00:00,0.018550779986931998,0.0192947375418846,0.01241022669855174,-0.0017752050107123774,-0.0004846608713350298,0.027436145239144283
2025-04-22 00:00:00+00:00,9.472370564456156e-05,9.472370564456156e-05,0.012723374612913396,0.004932542352849678,0.07108477007649738,0.06772183856640046
2025-04-23 00:00:00+00:00,0.007375476759357902,0.0077113805528754575,0.002803693108732741,0.0064457113822873335,0.01850329837383513,0.0026549878166348684
2025-04-24 00:00:00+00:00,-0.003637662172013001,-0.0033046614097583804,-0.00055530002128934,-0.004638241970229218,0.020248854370341407,0.003088767895513378
2025-04-25 00:00:00+00:00,0.010442271453960705,0.010442271453960705,0.008526796748866472,0.0005095901873719555,0.010554018952700472,0.007003689170739458
2025-04-26 00:00:00+00:00,-0.011934953331062759,-0.011605369561298318,-0.01653198718329174,-0.0066248638797601345,0.011164421697521743,-0.0001128502637595119
2025-04-27 00:00:00+00:00,0.010148419827187283,0.010148419827187283,0.010437916200347397,-0.0009758875908130182,-0.037652309086454894,-0.009285835059391179
2025-04-28 00:00:00+00:00,-0.0112991939666649,-0.0112991939666649,-0.011200727471845529,0.00475096466567404,0.024654411879776683,0.013460153835814781
2025-04-29 00:00:00+00:00,0.006340882089965749,0.006340882089965749,0.006449848842774664,-0.0025142605803947227,-0.021144398291535693,-0.007939697201950091
2025-04-30 00:00:00+00:00,-0.0010953318258073441,-0.0010953318258073441,-0.0014769970478801797,-0.0030576801535379117,-0.00036663169575879007,-0.0008998818334837733
2025-05-01 00:00:00+00:00,0.0030407115078401326,0.0030407115078401326,0.003058623506837055,0.006511096699523433,0.024921910035754946,0.024613579407892328
2025-05-02 00:00:00+00:00,-0.006367395647918883,-0.006367395647918883,-0.011375427150188133,0.008822268861880644,0.0008166999201215663,0.004116803508262157
2025-05-03 00:00:00+00:00,0.0005457581953491886,0.0005457581953491886,0.007078645298913111,-0.004865965301022235,-0.038629793132547885,-0.010638357164840628
2025-05-04 00:00:00+00:00,0.0017896354574338247,0.0017896354574338247,-0.0060815954285722285,-0.0023422904627433683,-0.020221044898119378,-0.016470466975503584
2025-05-05 00:00:00+00:00,0.0003061369318149154,0.0003061369318149154,0.007134251027183902,-0.0009248018698274629,-0.0019663448786345628,0.004837415284774105
2025-05-06 00:00:00+00:00,0.0032474217380924486,0.0032474217380924486,0.004805842485504641,-0.004571541934635381,0.004099322519653725,0.022170995574118724
2025-05-07 00:00:00+00:00,-0.007103478591055645,-0.007103478591055645,-0.002055322085816824,0.003212086731407826,0.0047959459428426054,0.0020290389679156196
2025-05-08 00:00:00+00:00,-0.011933954751074616,-0.011933954751074616,-0.0060366920653136535,-0.002307465811964504,0.12283875886568696,0.06421795208722947
2025-05-09 00:00:00+00:00,-7.751044152604081e-05,-7.751044152604081e-05,0.0007513224166406651,0.0033535374081565816,0.04102245681545047,-0.002804624371498976
2025-05-10 00:00:00+00:00,0.010761260841900988,0.010761260841900988,0.012319922178762654,0.0012034235494278178,0.08189103187349178,0.017845046988021807
2025-05-11 00:00:00+00:00,0.01146094669821962,0.01146094669821962,0.011275373619171969,0.006475914904492841,-0.03361891757520341,-0.006597968715250535
2025-05-12 00:00:00+00:00,-0.006137347625038592,-0.006137347625038592,-0.006075284644747381,-0.001920577407454438,0.0048045297256980035,-0.01274208110029007
2025-05-13 00:00:00+00:00,0.002332311048516722,0.002332311048516722,0.010145043081953853,0.0010538745387600468,0.029676860340576594,0.01276761500873791
2025-05-14 00:00:00+00:00,-0.0002116203096889091,-0.0002116203096889091,-0.0005855474257645543,0.0042877872608995116,-0.032156974240689085,-0.005724099004337457
2025-05-15 00:00:00+00:00,-0.001364354852830152,-0.001364354852830152,0.0009958935411131797,-0.0048483550043809664,-0.047200628125801725,0.0024721803627965055
2025-05-16 00:00:00+00:00,-0.00410158549496098,-0.00410158549496098,-0.0053183758327606245,-0.0014667302544106864,-0.013679949175384287,-0.0028893531274070128
2025-05-17 00:00:00+00:00,0.0009762561012303106,0.0009762561012303106,-0.0008350783473720647,-0.00036540944976659606,-0.02472856843150506,-0.0032595910264365813
2025-05-18 00:00:00+00:00,-0.0013537993731360665,-0.0013537993731360665,0.001323429964012801,5.7094431197945994e-05,0.0443836385909302,0.03226721705786084
2025-05-19 00:00:00+00:00,0.002127665899801956,0.002127665899801956,-0.0002605524105480095,0.001071002945757904,-0.02461326472354608,-0.008271345834351407
2025-05-20 00:00:00+00:00,-0.001885070962551194,-0.001885070962551194,-0.0007152516986907997,-0.0006812736867856106,0.00872622487142749,0.012088706907607216
2025-05-21 00:00:00+00:00,-0.0014114926902747404,-0.0006966759831003033,-0.0008069412028206546,-0.003235332819959358,0.019199769554754997,0.02614880918566298
2025-05-22 00:00:00+00:00,-0.00023596118743507422,-0.00023596118743507422,0.000579548696800547,-0.0005804599933645349,0.052200699318423194,0.01871712257096836
2025-05-23 00:00:00+00:00,0.000948667860956931,0.0009987195929359594,0.0010958506995353279,0.0028646979054658406,-0.06886429742259104,-0.03919479452346608
2025-05-24 00:00:00+00:00,0.00022262145257645471,0.00022262145257645471,-0.00015013970109400976,-0.0037200980707819964,0.005158136225910104,0.004133591381897395
2025-05-25 00:00:00+00:00,0.006315337346298744,0.0064159442287392565,0.013000043226556901,0.007213636472016338,0.008799581180311877,0.011528006509907485
2025-05-26 00:00:00+00:00,0.00039340059054171483,0.0004434212765176415,-0.0020648890622116944,-0.008771535132337083,0.002840558206725019,0.003950306864350717
2025-05-27 00:00:00+00:00,-0.00847787156871238,-0.008081198253231281,-0.01170282630754993,-0.009867110472260632,0.03290609216029128,-0.004538044985513023
2025-05-28 00:00:00+00:00,0.0003930505030835807,0.0003930505030835807,-0.0013260123721395844,0.0016168039090247444,-0.0014939319747593327,-0.010615103962182793
2025-05-29 00:00:00+00:00,-0.004925099465479588,-0.0048255888958598225,-0.0009439504664366938,-0.0018467098054906206,-0.024368905909436633,-0.020337667461048703
2025-05-30 00:00:00+00:00,0.0006211529382862402,0.000871412701566987,-0.005260657026954885,0.0028755973495004916,-0.07946334775585473,-0.015193425498214341
2025-05-31 00:00:00+00:00,0.002340533750559981,0.0026913996966777542,0.005475227923316561,0.00703838811139712,-0.002882505269388491,0.005831583409529495
2025-06-01 00:00:00+00:00,-0.0018605318598483578,-0.001760739033080383,-0.002076209965170994,-0.000712526160085547,0.011940581472487333,0.01004905925775379
2025-06-02 00:00:00+00:00,-7.930692765334424e-05,2.068548963252148e-05,0.003353091659372698,0.0018412279957522593,0.011497607037209034,0.0020357254385130474
2025-06-03 00:00:00+00:00,-0.001731688233419515,-0.0015818969381024006,-0.004988108890238929,0.0006051174976287044,0.006416188090308639,-0.00454476794807912
2025-06-04 00:00:00+00:00,-0.002510369785979516,-0.0024604906572703866,-0.01706446914030757,-0.0021417722160763653,-0.013760099228444456,-0.006453312486256024
2025-06-05 00:00:00+00:00,-0.000694187763869647,-0.0005442575043376197,-0.0005136272042017831,-0.0011783394666255997,-0.06391120417195606,-0.030451534076571973
2025-06-06 00:00:00+00:00,0.0021258464074198624,0.002376406464084546,0.009049776338435622,-0.003036228151687581,0.023608146843995037,0.027384456186407835
2025-06-07 00:00:00+00:00,-0.0031925227081887053,-0.002993097759703023,-0.006041922901631969,-0.0036545465757341633,0.035608635388193255,0.012117450409651287
2025-06-08 00:00:00+00:00,-0.0008898544403053155,-0.0006899600430488873,-0.0007510610291466824,-0.0024118291346779674,0.0008932934472156706,0.0017228450581054933
2025-06-09 00:00:00+00:00,0.0015978176606612493,0.0015978176606612493,0.0001741280137212975,-0.0031055040995361383,0.05498881778190623,0.04283409310155539
2025-06-10 00:00:00+00:00,0.0007742006216975295,0.000874281146663769,0.008832679062585669,0.006753816186524597,0.0325226607588065,0.00010311707406640558
2025-06-11 00:00:00+00:00,0.0013294865027031477,0.0013294865027031477,-0.0004174989582057531,0.0014217455394978096,-0.035834755890226444,-0.014774690660271483
2025-06-12 00:00:00+00:00,-0.0005599806461306089,-0.0005599806461306089,-0.0021358444362215012,-0.0020422439562562955,-0.054707013247478176,-0.027367911232460407
2025-06-13 00:00:00+00:00,-0.0007331308784976898,-0.0007331308784976898,-0.004378621597789345,0.0008205434404269241,-0.020472113339488285,0.0037366663723599203
2025-06-14 00:00:00+00:00,0.00032544693215852405,0.00032544693215852405,-0.0011339453314376247,0.0023466120202035867,-0.017731917105069606,-0.006146610351102089
2025-06-15 00:00:00+00:00,0.0006009902217070096,0.0006009902217070096,0.001664552205715486,-0.001555247371023305,0.005451238844048634,0.0017015663099553269
2025-06-16 00:00:00+00:00,-0.0008150137171579752,-0.0008150137171579752,-0.003855884071094162,0.002771737549278619,0.0014392457642873335,0.011369205507016922
2025-06-17 00:00:00+00:00,-0.00027926078872753113,-0.0002292858927701591,0.004392691124172954,-0.0002368321361548853,-0.03268234264568892,-0.021006319331149048
2025-06-18 00:00:00+00:00,-0.0017710965030330872,-0.0015714140043886493,0.0008948750473156686,0.000804608385349681,0.0042382294396183795,0.0032100071190017676
2025-06-19 00:00:00+00:00,-0.001537035589776914,-0.0012374263343681857,-0.0027853485743866147,-0.001552343443806059,0.0006966405002288845,-0.002175583996382402
2025-06-20 00:00:00+00:00,0.0010427177124878728,0.001414618918562427,-0.0004055251115847591,0.0009801684812820177,-0.03501594905880179,-0.013000366238452243
2025-06-21 00:00:00+00:00,0.0009937225095195679,0.0009937225095195679,0.0004178710897777549,0.0008110749007399498,-0.04085192124304038,-0.011403706887229137
2025-06-22 00:00:00+00:00,-0.0010322152729486112,-0.0008181301454111001,-0.0005811603772466478,0.001722498050592769,-0.03151736970339292,-0.011321385495360659
2025-06-23 00:00:00+00:00,0.0035441567892657844,0.003615744152828837,-0.001163303449897013,0.003071898750170332,0.08989219179055241,0.04328340425144184
2025-06-24 00:00:00+00:00,-0.0008390561293323273,-0.0008390561293323273,-0.0015877400471256964,0.0002680608412126695,0.014104484813837415,0.0071113837677954095
2025-06-25 00:00:00+00:00,0.0005253840200307724,0.0005968765475852233,-0.0008603898915671149,0.0012441970602175,-0.018363965237430446,0.011854679826173387
2025-06-26 00:00:00+00:00,0.00037155771737840126,0.00037155771737840126,0.002613696942563193,-1.387083601678274e-05,-0.019600873321341417,-0.003666087885869529
2025-06-27 00:00:00+00:00,0.00036392872366297624,0.00036392872366297624,-0.0014608291951070385,0.00030422779920158405,0.012263006979853941,0.0009399977895609979
2025-06-28 00:00:00+00:00,-0.00035827159327972424,-0.00035827159327972424,-0.001094457464543841,0.00034353970665779165,0.019243168230024033,0.002327936574751721
2025-06-29 00:00:00+00:00,0.0016472342333970769,0.0016472342333970769,-0.0008796836818789622,0.0013646823040551759,0.03548191357887709,0.009880444699233326
2025-06-30 00:00:00+00:00,-0.0026302533065741818,-0.002559069317106366,0.0032411479499561135,-0.001893516846862675,-0.02441011373496127,-0.011170766835126633
2025-07-01 00:00:00+00:00,0.0052209090147807835,0.005292562734914297,0.010318360903717183,0.0014313558781264835,-0.038817594597270855,-0.013676228341569119
2025-07-02 00:00:00+00:00,0.004515032121366724,0.004515032121366724,-0.00147504286242095,0.0017133213158979643,0.06242358886728905,0.029981319277971874
2025-07-03 00:00:00+00:00,-0.00013714632035044527,-0.00013714632035044527,0.002507619084855639,0.0012356621616191887,0.008305288328314786,0.006754090047182748
2025-07-04 00:00:00+00:00,6.527443535309096e-05,6.527443535309096e-05,0.0005037452348233273,-0.0015464102679130232,-0.04529870627250199,-0.014605495398173352
2025-07-05 00:00:00+00:00,-0.0019101811996413698,-0.0019101811996413698,-0.0006058634491081794,-0.0009694423678653363,0.0048811874788761145,0.00198065939992631
2025-07-06 00:00:00+00:00,-0.002212399069147719,-0.002141194626231635,-0.0006292785512141963,-0.001310415425299749,0.01646577747436817,0.009295170747884551
2025-07-07 00:00:00+00:00,0.001632502543843506,0.001632502543843506,0.0007974153336833822,9.84681955429334e-05,-0.007180685799595077,-0.008615997386172691
2025-07-08 00:00:00+00:00,0.0013950165290779193,0.0013950165290779193,-0.0009847111533216601,-0.00033094405018441186,0.021936699071965826,0.006096638424930356
2025-07-09 00:00:00+00:00,0.0078874829584612,0.0078874829584612,0.0035905946495160546,0.0024366236883015535,0.04322779324496118,0.021216918596976164
2025-07-10 00:00:00+00:00,0.008292267118058971,0.008436226984721129,-0.0006300141358598355,0.0004179027128037305,0.06050509017372363,0.04293660597808335
2025-07-11 00:00:00+00:00,0.002407197935308636,0.0025504341511735085,0.0020845913670055616,-0.0008051972251387207,0.004318656435135182,0.013082148090681311
2025-07-12 00:00:00+00:00,0.0002803568680764812,0.0002803568680764812,-0.002019149207926896,0.0004171042110068246,-0.0063451898898611026,-0.0009160396795105941
2025-07-13 00:00:00+00:00,0.0013641425180688227,0.0015071185533912512,-0.003384279286847147,0.0010032285257630669,0.028298174869543002,0.014193834099812896
2025-07-14 00:00:00+00:00,0.0002394641426815003,0.0003109052029455217,-0.0007338397669458541,-0.0015296590999895887,0.0011978898310740504,0.006336059191861532
2025-07-15 00:00:00+00:00,0.004825370373522153,0.004897143391821679,0.0030533555701941495,-0.0007453370902974488,0.029619704253276646,-0.017382088527498896
2025-07-16 00:00:00+00:00,0.0033538390124407957,0.0034254936353177445,0.0072219674912752385,0.004034651883189744,0.016840849098604505,0.007407898684497205
2025-07-17 00:00:00+00:00,0.0009489053979372386,0.0010204424895514652,-1.3990762058879724e-06,-0.0002468254981142781,0.027517319095208492,0.00461205442819268
2025-07-18 00:00:00+00:00,0.0034038196243439955,0.003475408811722147,0.00598794911579148,-0.0019003630476800426,0.004542565687786881,-0.010511374792367856
2025-07-19 00:00:00+00:00,0.004063246436055268,0.0042066142074626,0.00661817555332056,-0.001425771814651755,0.0200571702536656,-0.0007194412983737575
2025-07-20 00:00:00+00:00,-0.00018979007485830923,0.0002386128921230135,4.796089001990467e-05,-0.0033682486144153145,0.03709203960409213,-0.004878479293958238
2025-07-21 00:00:00+00:00,0.0,0.0,0.0,0.0018111954559103527,0.017618332449913066,0.00098273041463659
2025-07-22 00:00:00+00:00,0.0,0.0,0.0,0.0012276449037644799,0.0049384278238313595,0.021929222231044987
2025-07-23 00:00:00+00:00,0.0,0.0,0.0,0.0010008564430763478,-0.07587788970696074,-0.009990711471907554
2025-07-24 00:00:00+00:00,0.0,0.0,0.0,0.000729436704673736,-0.020134847162300518,-0.0034945605691137915
2025-07-25 00:00:00+00:00,0.0,0.0,0.0,-0.0022875369367982845,0.02551148492551114,-0.0061405604262727564
2025-07-26 00:00:00+00:00,0.0,0.0,0.0,0.0006945873088817223,0.004750515586621207,0.002599003471601913
2025-07-27 00:00:00+00:00,0.0,0.0,0.0,0.0007098379000007871,0.0352941786126153,0.012682836896439786
2025-07-28 00:00:00+00:00,0.0,0.0,0.0,0.0014268427678731932,-0.047331114707106825,-0.01133210875802948
2025-07-29 00:00:00+00:00,0.0,0.0,0.0,-0.0015751292672187,-0.010998558325749253,-0.0009449246804577038
2025-07-30 00:00:00+00:00,0.0,0.0,0.0,0.0008031180620466927,-0.01654930505918628,-0.0009364924821169129
2025-07-31 00:00:00+00:00,0.0,0.0,0.0,-7.234489689578183e-05,-0.03928171930897717,-0.017618930026484847
2025-08-01 00:00:00+00:00,0.0,0.0,0.0,0.002928770165041561,-0.035762076775253115,-0.021303240176055338
2025-08-02 00:00:00+00:00,0.0,0.0,0.0,0.00108334094861684,-0.025562490438241547,-0.00663366047376146
2025-08-03 00:00:00+00:00,0.0,0.0,0.0,-0.000410037894406301,0.0351576286691202,0.014771247579331126
2025-08-04 00:00:00+00:00,0.0,0.0,0.0,-0.0011896242815826463,0.04500462517377324,0.007409499092888794
2025-08-05 00:00:00+00:00,0.0,0.0,0.0,0.00014481476795169534,-0.035682354239831904,-0.008042064740671484
2025-08-06 00:00:00+00:00,0.0,0.0,0.0,-0.00022817544347364382,0.015426517474634416,0.007557363439418818
2025-08-07 00:00:00+00:00,0.0,0.0,0.0,-0.0029111313661216442,0.05276862978951358,0.021564406024856764
2025-08-08 00:00:00+00:00,0.0,0.0,0.0,-0.002902296530430948,0.019079835174626636,-0.006786893320375076
2025-08-09 00:00:00+00:00,0.0,0.0,0.0,-0.002983875694776983,0.02622496422206244,-0.0018212168289371
2025-08-10 00:00:00+00:00,0.0,0.0,0.0,0.0013325812338202958,0.00042960842089834195,0.02431483162999082
2025-08-11 00:00:00+00:00,0.0,0.0,0.0,0.002307786974490522,-0.03939597664748029,-0.0050967353683549765
2025-08-12 00:00:00+00:00,0.0,0.0,0.0,0.003800106448971441,0.0634247999977624,0.012200933555768012
2025-08-13 00:00:00+00:00,0.0,0.0,0.0,-0.003997096458531302,0.04812360238101254,0.026406744863738396
2025-08-14 00:00:00+00:00,0.0,0.0,0.0,0.0017265975710341053,-0.069979773452851,-0.04064135179325057
2025-08-15 00:00:00+00:00,0.0,0.0,0.0,-0.0013594398060419177,-0.012237952010275888,-0.008056462867563341
2025-08-16 00:00:00+00:00,0.0,0.0,0.0,-0.003541348416361778,0.01456187948254728,0.00032903805583828216
2025-08-17 00:00:00+00:00,0.0,0.0,0.0,-0.0015511580611935472,0.011863436156254403,0.00020744473578426792
2025-08-18 00:00:00+00:00,0.0,0.0,0.0,0.00488804176708868,-0.038475798576380615,-0.010033302667406319
2025-08-19 00:00:00+00:00,0.0,0.0,0.0,-0.00045012570551572484,-0.03958172163482543,-0.028858256318129216
2025-08-20 00:00:00+00:00,0.0,0.0,0.0,0.0013232281942581192,0.04994317683120841,0.012388265956392974
2025-08-21 00:00:00+00:00,0.0,0.0,0.0,0.0001868453879838583,-0.022180652725421912,-0.01550031311465594
2025-08-22 00:00:00+00:00,0.0,0.0,0.0,0.0013492081161496916,0.08687468442856372,0.0394310222222205
2025-08-23 00:00:00+00:00,0.0,0.0,0.0,-0.0007122973398602239,-0.006638907775672331,-0.01280991421032851
2025-08-24 00:00:00+00:00,0.0,0.0,0.0,-0.003825356670525415,-0.02070856036871327,-0.016844186124073568
2025-08-25 00:00:00+00:00,0.0,0.0,0.0,-0.0008973087206060049,-0.08051227912199799,-0.02979560343452059
2025-08-26 00:00:00+00:00,0.0,0.0,0.0,-0.009480293264897521,0.07030742301207504,0.014996006792357353
2025-08-27 00:00:00+00:00,0.0,0.0,0.0,0.0006678344983934714,0.028383731896977737,-0.004484570147493594
2025-08-28 00:00:00+00:00,0.0,0.0,0.0,0.005165708153697102,0.0006516424450389025,0.011728082208832591
2025-08-29 00:00:00+00:00,0.0,0.0,0.0,0.0007360005793313196,-0.05085627479438071,-0.03721786777462954
2025-08-30 00:00:00+00:00,0.0,0.0,0.0,-0.002851294714602437,0.005540463929246897,0.004050014117335632
2025-08-31 00:00:00+00:00,0.0,0.0,0.0,0.0002809978407938285,-0.010522324173918851,-0.005238000583184577
2025-09-01 00:00:00+00:00,0.0,0.0,0.0,0.0057076114858340965,-0.024118485316131144,0.009155689776144005
2025-09-02 00:00:00+00:00,0.0,0.0,0.0,-0.0030853639273826783,0.028172185018049856,0.018332454208458193
2025-09-03 00:00:00+00:00,0.0,0.0,0.0,-0.003515206906409052,0.011971982011503846,0.004186443348935809
2025-09-04 00:00:00+00:00,0.0,0.0,0.0,0.00029640572832967393,-0.03341224038151591,-0.008726859173090573
2025-09-05 00:00:00+00:00,0.0,0.0,0.0,0.0005339236864969621,0.014624093685630779,-0.0006401105671802743
2025-09-06 00:00:00+00:00,0.0,0.0,0.0,-0.003429288070963765,0.015232794426429441,-0.004265498307021276
2025-09-07 00:00:00+00:00,0.0,0.0,0.0,-0.0004272593085503651,0.028527399908702122,0.008615913334278247
2025-09-08 00:00:00+00:00,0.0,0.0,0.0,0.0005809223388488771,0.007476430034131898,0.008349039125822744
2025-09-09 00:00:00+00:00,0.0,0.0,0.0,0.00041740841665771633,-0.0034699686280413866,-0.0046298035528057335
2025-09-10 00:00:00+00:00,0.0,0.0,0.0,0.0025120662894013712,0.015823782473170178,0.021637723999853087
2025-09-11 00:00:00+00:00,0.0,0.0,0.0,0.0016662168550887202,0.020975828541413666,0.0133616181116194
2025-09-12 00:00:00+00:00,0.0,0.0,0.0,-0.0005842683522694347,0.021076499014972105,0.004734302604139762
2025-09-13 00:00:00+00:00,0.0,0.0,0.0,0.003679630332040995,0.012562597811669018,-0.0009577743299938879
2025-09-14 00:00:00+00:00,0.0,0.0,0.0,-0.00029744263876352317,-0.03401384661924878,-0.005609813602323044
2025-09-15 00:00:00+00:00,0.0,0.0,0.0,-0.0010743417519396559,-0.02274941771441641,0.0007087829485397101
2025-09-16 00:00:00+00:00,0.0,0.0,0.0,0.002788851986706087,0.010022419178030706,0.012477274541911942
2025-09-17 00:00:00+00:00,0.0,0.0,0.0,-9.307434934724412e-05,0.02572897176445732,-0.0029229646363839734
2025-09-18 00:00:00+00:00,0.0,0.0,0.0,-0.005129641981265531,0.012704718236998591,0.005375293726558761
2025-09-19 00:00:00+00:00,0.0,0.0,0.0,-0.004021676299645227,-0.0391272992335816,-0.012309785141012997
2025-09-20 00:00:00+00:00,0.0,0.0,0.0,-0.0037920311412525942,0.013813217877371109,0.00046051114748446587
2025-09-21 00:00:00+00:00,0.0,0.0,0.0,0.00039091834592008823,-0.014508218856030375,-0.0039187235268556275
2025-09-22 00:00:00+00:00,0.0,0.0,0.0,-0.0018353797329314636,-0.06774241253752522,-0.022400839209216872
2025-09-23 00:00:00+00:00,0.0,0.0,0.0,0.002025478162654082,0.0012837195859558559,-0.005789474198140687
2025-09-24 00:00:00+00:00,0.0,0.0,0.0,-0.004613425356025047,0.007174641881694255,0.011680482290881589
2025-09-25 00:00:00+00:00,0.0,0.0,0.0,0.003800868434444382,-0.06570436262062451,-0.03806040226993934
2025-09-26 00:00:00+00:00,0.0,0.0,0.0,0.0017386247480344341,0.036488031468325355,0.005954154196236017
2025-09-27 00:00:00+00:00,0.0,0.0,0.0,0.00020908991638490804,-0.005381244887482706,-6.940678450029214e-05
2025-09-28 00:00:00+00:00,0.0,0.0,0.0,-0.002576652394312706,0.025005741787296643,0.023059063253488388
2025-09-29 00:00:00+00:00,0.0,0.0,0.0,0.0019795482861899583,0.004452930349842621,0.01915062727373651
2025-09-30 00:00:00+00:00,0.0,0.0,0.0,0.00916557807530638,-0.01279321507404474,-0.002300984079005697
2025-10-01 00:00:00+00:00,0.0,0.0,0.0,-0.0026155851920487416,0.08942259150648169,0.03986061070454494
2025-10-02 00:00:00+00:00,0.0,0.0,0.0,-0.012681692709723413,0.04273637222745008,0.01631063841735636
2025-10-03 00:00:00+00:00,0.0,0.0,0.0,-0.005478501673595426,0.005650977523578682,0.014126434764645035
2025-10-04 00:00:00+00:00,0.0,0.0,0.0,-0.0059199035553857415,-0.00606994880729661,0.0013008050265082005
2025-10-05 00:00:00+00:00,0.0,0.0,0.0,-1.6351970132499893e-05,0.0028844771235028155,0.008916587003946264
2025-10-06 00:00:00+00:00,0.0,0.0,0.0,-0.0033787906803193213,0.024488967343909263,0.00952549397561575
2025-10-07 00:00:00+00:00,0.0,0.0,0.0,0.002986041892571345,-0.05318612463861894,-0.026677594651758674
2025-10-08 00:00:00+00:00,0.0,0.0,0.0,-0.001448101280876135,0.045077451402062874,0.016261452474369165
2025-10-09 00:00:00+00:00,0.0,0.0,0.0,-0.0017560662140738703,-0.0046763599380559295,-0.013329440578722096
2025-10-10 00:00:00+00:00,0.0,0.0,0.0,0.0005446458076259209,-0.18413662320360968,-0.07305379476321472
2025-10-11 00:00:00+00:00,0.0,0.0,0.0,-0.0005795678948448124,0.041834095047384556,-0.018888135172401732
2025-10-12 00:00:00+00:00,0.0,0.0,0.0,0.0036853557830094363,0.07538829831053673,0.03899338782622497
2025-10-13 00:00:00+00:00,0.0,0.0,0.0,0.0012487401956127187,0.022589539712593698,0.0018023848543997634
2025-10-14 00:00:00+00:00,0.0,0.0,0.0,-0.0014322093631746746,-0.03936643841569354,-0.018563291249151903
2025-10-15 00:00:00+00:00,0.0,0.0,0.0,-0.0008981098080107497,-0.04434036423277243,-0.020038018850881856
2025-10-16 00:00:00+00:00,0.0,0.0,0.0,-0.0017809604999965423,-0.05020532369305042,-0.023193607123225823
2025-10-17 00:00:00+00:00,0.0,0.0,0.0,-0.001212905118024521,-0.014761238565721979,-0.016291064555352786
2025-10-18 00:00:00+00:00,0.0,0.0,0.0,-0.0009685243867361137,0.014125793511434281,0.007078061719968609
2025-10-19 00:00:00+00:00,0.0,0.0,0.0,-0.0003041261967592357,0.023364664200776764,0.013600502532957082
2025-10-20 00:00:00+00:00,0.0,0.0,0.0,-0.0001587845196394655,0.017882165501918346,0.017390110967337558
2025-10-21 00:00:00+00:00,0.0,0.0,0.0,-0.005503870434105607,-0.03346279088509363,-0.020215124856501898
2025-10-22 00:00:00+00:00,0.0,0.0,0.0,-0.0026459280334945046,-0.026602360336623998,-0.006742804346575926
2025-10-23 00:00:00+00:00,0.0,0.0,0.0,-0.0005072806656797324,0.025625963131326035,0.02334107793213369
2025-10-24 00:00:00+00:00,0.0,0.0,0.0,0.0006961392960096457,0.016900653914940778,0.008418652997350451
2025-10-25 00:00:00+00:00,0.0,0.0,0.0,-0.001399708462635485,0.0005439549042438596,0.005777943656356532
2025-10-26 00:00:00+00:00,0.0,0.0,0.0,0.0041542573683661654,0.04938530757330062,0.02609249731316532
2025-10-27 00:00:00+00:00,0.0,0.0,0.0,-0.0016568982146852873,-0.015850606989700977,-0.003943369116806927
2025-10-28 00:00:00+00:00,0.0,0.0,0.0,0.0033161082332033853,-0.031163088720010834,-0.010597010805148854
2025-10-29 00:00:00+00:00,0.0,0.0,0.0,-0.0015699403208068174,0.005656040811801599,-0.02548449513700002
2025-10-30 00:00:00+00:00,0.0,0.0,0.0,-0.00112576746122095,-0.0546171194824695,-0.015437103127949547
2025-10-31 00:00:00+00:00,0.0,0.0,0.0,-0.0006901433450801076,0.024712462949539438,0.011863883235008865
2025-11-01 00:00:00+00:00,0.0,0.0,0.0,0.020460894875535818,0.05177815831606991,0.00447129730756024
2025-11-02 00:00:00+00:00,0.0,0.0,0.0,0.006145075534399469,0.02091363268335833,0.00401986955269984
2025-11-03 00:00:00+00:00,0.0,0.0,0.0,0.004801227508374639,-0.08199558742807667,-0.03580256607793775
2025-11-04 00:00:00+00:00,0.0,0.0,0.0,-0.0059412599818859935,-0.007678915165235334,-0.047716972606521746
2025-11-05 00:00:00+00:00,0.0,0.0,0.0,-0.007509858536622116,0.03952593225596823,0.02352714685190227
2025-11-06 00:00:00+00:00,0.0,0.0,0.0,0.005195561594497189,0.022900031874145466,-0.024441604556414864
2025-11-07 00:00:00+00:00,0.0,0.0,0.0,-0.019131736195340032,0.1590261311564498,0.019665691920473183
2025-11-08 00:00:00+00:00,0.0,0.0,0.0,-0.007306546865710417,-0.0361131491776403,-0.009929834869827903
2025-11-09 00:00:00+00:00,0.0,0.0,0.0,0.00024743306180452507,-0.007934511654149046,0.02355537823466003
2025-11-10 00:00:00+00:00,0.0,0.0,0.0,0.0005816071874111817,-0.002636235060261116,0.012300740926344256
2025-11-11 00:00:00+00:00,0.0,0.0,0.0,0.006623532468722049,-0.07330085657234442,-0.027847453375886788
2025-11-12 00:00:00+00:00,0.0,0.0,0.0,0.0012472029807111262,-0.0005847864447620088,-0.01362928163763355
2025-11-13 00:00:00+00:00,0.0,0.0,0.0,0.0002921457102103009,-0.03099758428297561,-0.019304138130018522
2025-11-14 00:00:00+00:00,0.0,0.0,0.0,-0.003142715195748824,-0.025681344637582648,-0.05113769386957956
2025-11-15 00:00:00+00:00,0.0,0.0,0.0,-0.0026249132783066065,0.04137147375896277,0.010595175169674231
2025-11-16 00:00:00+00:00,0.0,0.0,0.0,-0.002355724951874305,-0.03218202535820036,-0.013962892264382187
2025-11-17 00:00:00+00:00,0.0,0.0,0.0,-0.003131595573272472,-0.021027633740703267,-0.021708770839911185
2025-11-18 00:00:00+00:00,0.0,0.0,0.0,0.001520231279202422,0.019526415631081484,0.008086416178514577
2025-11-19 00:00:00+00:00,0.0,0.0,0.0,0.002231988475670299,-0.021471113309488254,-0.015123251373724056
2025-11-20 00:00:00+00:00,0.0,0.0,0.0,0.007527767977813626,-0.03632445004299634,-0.05371341978632249
2025-11-21 00:00:00+00:00,0.0,0.0,0.0,0.013541029479349875,-0.05636686880940789,-0.017403603508562515
2025-11-22 00:00:00+00:00,0.0,0.0,0.0,0.004973098681970489,-0.006252884625604693,-0.004577617869635731
2025-11-23 00:00:00+00:00,0.0,0.0,0.0,0.0025443890854892626,0.013461767666127944,0.024666821021634533
2025-11-24 00:00:00+00:00,0.0,0.0,0.0,-0.001537209838505138,0.03257350117040714,0.016929747783024363
2025-11-25 00:00:00+00:00,0.0,0.0,0.0,0.0007152587158678614,0.007643695742104217,-0.01053284138925914
2025-11-26 00:00:00+00:00,0.0,0.0,0.0,0.0034491180222901985,0.014525768168683229,0.035642227603170484
2025-11-27 00:00:00+00:00,0.0,0.0,0.0,0.0053861561506438616,-0.008317385219817508,0.0093931503043303
2025-11-28 00:00:00+00:00,0.0,0.0,0.0,-0.002915274770044163,-0.009643724293956435,-0.004853069422706802
2025-11-29 00:00:00+00:00,0.0,0.0,0.0,-0.0026040795413525553,-0.01440846363168169,-0.000971056444719065
2025-11-30 00:00:00+00:00,0.0,0.0,0.0,-0.0006065378774828822,-0.009783621103374829,-0.004872556288134766
2025-12-01 00:00:00+00:00,0.0,0.0,0.0,-0.002245330923043354,-0.06107076155716873,-0.04508621071270513
2025-12-02 00:00:00+00:00,0.0,0.0,0.0,0.005507197829049515,0.0571928372159527,0.05785259974357482
2025-12-03 00:00:00+00:00,0.0,0.0,0.0,-0.00021688226191474147,0.03619084908033776,0.02357712514795396
2025-12-04 00:00:00+00:00,0.0,0.0,0.0,-0.00015500331333584416,-0.02169195204003105,-0.014469557138797495
2025-12-05 00:00:00+00:00,0.0,0.0,0.0,-0.004295987986060901,-0.04276419667173592,-0.02984446023297993
2025-12-06 00:00:00+00:00,0.0,0.0,0.0,0.002589551466883888,0.0125489265880383,-0.0010438817669845557
2025-12-07 00:00:00+00:00,0.0,0.0,0.0,-0.0012318162795491583,-0.00928324473175246,0.012982537807556538
2025-12-08 00:00:00+00:00,0.0,0.0,0.0,0.0005203119278855972,0.02111038939072163,0.002644274354499876
2025-12-09 00:00:00+00:00,0.0,0.0,0.0,0.005779760296538816,0.03685213770887796,0.0225572338255009
2025-12-10 00:00:00+00:00,0.0,0.0,0.0,-0.0013223221040599142,-0.028633518639260558,-0.00715837926257068
2025-12-11 00:00:00+00:00,0.0,0.0,0.0,-0.001677522279121657,-0.016219702337873843,0.005412247975528084
2025-12-12 00:00:00+00:00,0.0,0.0,0.0,0.0005593287364846766,-0.023612651581697452,-0.024266327746322314
2025-12-13 00:00:00+00:00,0.0,0.0,0.0,0.0003996277334308296,0.006516818344566522,-0.0003147280078674708
2025-12-14 00:00:00+00:00,0.0,0.0,0.0,0.0008510388790414769,-0.04083903817726653,-0.022914891077694954
2025-12-15 00:00:00+00:00,0.0,0.0,0.0,0.00021081849771609207,-0.027293032179992682,-0.019735138649756845
2025-12-16 00:00:00+00:00,0.0,0.0,0.0,-0.0029583407723183797,0.007280001759468524,0.016560286412173664
2025-12-17 00:00:00+00:00,0.0,0.0,0.0,-0.004309688582269211,-0.05001859030820821,-0.01843998332867014
2025-12-18 00:00:00+00:00,0.0,0.0,0.0,0.0010754851679439792,-0.03327698203096352,-0.008427445079159712
2025-12-19 00:00:00+00:00,0.0,0.0,0.0,-0.0021986165883118858,0.06274636611457085,0.03064359226492308
2025-12-20 00:00:00+00:00,0.0,0.0,0.0,0.0003162402101903883,0.012682242416958145,0.0025410457862509173
2025-12-21 00:00:00+00:00,0.0,0.0,0.0,0.0017083011291032513,-0.02166817264425136,0.0033720797320972995
2025-12-22 00:00:00+00:00,0.0,0.0,0.0,0.002699658343304323,0.002336643073450384,-0.0004293987087126139
2025-12-23 00:00:00+00:00,0.0,0.0,0.0,0.0006645785918497626,-0.010671777924964654,-0.012805008847248112
2025-12-24 00:00:00+00:00,0.0,0.0,0.0,-5.156579344844925e-05,-0.0007182634239708552,0.002096906933681142
2025-12-25 00:00:00+00:00,0.0,0.0,0.0,-0.0013704401310639103,-0.015976540150152707,-0.00506653115766087
2025-12-26 00:00:00+00:00,0.0,0.0,0.0,0.0032498174402018076,0.01712085735672808,0.0016542224518198978
2025-12-27 00:00:00+00:00,0.0,0.0,0.0,0.006714635384876155,0.04016600791166014,0.0058080869355405795
2025-12-28 00:00:00+00:00,0.0,0.0,0.0,-3.077630751024962e-05,-0.003481981305429316,0.0008614312207484431
2025-12-29 00:00:00+00:00,0.0,0.0,0.0,-0.0005638580042891528,-0.021232040185772516,-0.008135963064696883
2025-12-30 00:00:00+00:00,0.0,0.0,0.0,0.0006661073098768178,-0.0008561591718990735,0.014309961824741757
2025-12-31 00:00:00+00:00,0.0,0.0,0.0,-0.008691097879245269,-0.010407100986888351,-0.009462229344043838
2026-01-01 00:00:00+00:00,0.0,0.0,0.0,0.005049187887443685,0.049210608321740734,0.013586356916317044
2026-01-02 00:00:00+00:00,0.0,0.0,0.0,0.005453291485613576,0.039220007969746895,0.01301331036445319
2026-01-03 00:00:00+00:00,0.0,0.0,0.0,-0.0026800085350224823,0.005176621845836449,0.0070323805299223885
2026-01-04 00:00:00+00:00,0.0,0.0,0.0,0.0035169904591443313,0.02072068873480304,0.00994968332638102
2026-01-05 00:00:00+00:00,0.0,0.0,0.0,0.0020881884991750255,0.03181683912694866,0.025455991184502258
2026-01-06 00:00:00+00:00,0.0,0.0,0.0,0.004767653368541902,0.0047518255095198025,-0.0011905001624229472
2026-01-07 00:00:00+00:00,0.0,0.0,0.0,-0.004473814447437219,-0.03791582357749124,-0.025427857264536113
2026-01-08 00:00:00+00:00,0.0,0.0,0.0,0.0022307416230944455,-0.015441772042121715,-0.002891396363736809
2026-01-09 00:00:00+00:00,0.0,0.0,0.0,-0.0003758047543166443,-0.0013196042236801597,-0.005035236557106804
2026-01-10 00:00:00+00:00,0.0,0.0,0.0,0.0009562661853628196,-0.005409121989995436,-0.001506818968134871
2026-01-11 00:00:00+00:00,0.0,0.0,0.0,0.0018298594654220235,-0.0024413126748564773,0.005623464858731664
2026-01-12 00:00:00+00:00,0.0,0.0,0.0,-0.003764739051724808,-0.014332222646982973,0.003104479383037484
2026-01-13 00:00:00+00:00,0.0,0.0,0.0,0.010787165649282615,0.08179619976485508,0.04510373925749267
2026-01-14 00:00:00+00:00,0.0,0.0,0.0,0.0013846613595096535,0.01794949276845048,0.01611692204498416
2026-01-15 00:00:00+00:00,0.0,0.0,0.0,0.00532171155464134,-0.03778912284596059,-0.013893298297359635
2026-01-16 00:00:00+00:00,0.0,0.0,0.0,-0.006330914129814458,0.022601058112104777,-0.0005633608354399522
2026-01-17 00:00:00+00:00,0.0,0.0,0.0,-0.0012117214321198944,0.015389957571304347,-0.004219424738259536
2026-01-18 00:00:00+00:00,0.0,0.0,0.0,-0.0008383065445800586,-0.041385862506580606,-0.015498313833314903
2026-01-19 00:00:00+00:00,0.0,0.0,0.0,-0.0005931606956184332,-0.018894067486544763,-0.011125280950333938
2026-01-20 00:00:00+00:00,0.0,0.0,0.0,-8.502514162889163e-05,-0.044241642444336926,-0.045377249516900586
2026-01-21 00:00:00+00:00,0.0,0.0,0.0,-1.2600093950432267e-06,0.030088132945633506,0.01161480468894105
2026-01-22 00:00:00+00:00,0.0,0.0,0.0,0.0004552935359352084,0.0010131691957284694,0.00117310733596665
2026-01-23 00:00:00+00:00,0.0,0.0,0.0,4.560931734753915e-05,0.00396800503324779,0.00045321739126613636
2026-01-24 00:00:00+00:00,0.0,0.0,0.0,0.0001906242738174413,-0.011037010318738716,-0.004184362857876822
2026-01-25 00:00:00+00:00,0.0,0.0,0.0,0.00019908209965358026,-0.06053897529664054,-0.028635138851809128
2026-01-26 00:00:00+00:00,0.0,0.0,0.0,0.0007765808221109616,0.03958311775788492,0.019345944795891468
2026-01-27 00:00:00+00:00,0.0,0.0,0.0,6.56742064495397e-05,0.02302113779382564,0.010220145363037503
2026-01-28 00:00:00+00:00,0.0,0.0,0.0,-0.0003578005897894032,-0.019863406545532314,0.0005601120448184282
2026-01-29 00:00:00+00:00,0.0,0.0,0.0,-0.00031228409905859067,-0.059625323694437404,-0.052069770668508486
2026-01-30 00:00:00+00:00,0.0,0.0,0.0,-0.00015299342526509108,-0.022277163679779277,-0.004603299036882724
2026-01-31 00:00:00+00:00,0.0,0.0,0.0,-0.003980958434898985,-0.0683078759981337,-0.06550401024252162
2026-02-01 00:00:00+00:00,0.0,0.0,0.0,-0.0017319739615134777,-0.04296053095180996,-0.022515309351191393
2026-02-02 00:00:00+00:00,0.0,0.0,0.0,0.001869884779776676,0.0332365193526436,0.023001704210088958
2026-02-03 00:00:00+00:00,0.0,0.0,0.0,0.0018522341291797861,-0.027875878810821875,-0.03769942090672029
2026-02-04 00:00:00+00:00,0.0,0.0,0.0,-0.00013931898854979696,-0.020579370673014408,-0.034372083698856803
2026-02-05 00:00:00+00:00,0.0,0.0,0.0,0.0009975053252968547,-0.13266646786679903,-0.14017431361060229
2026-02-06 00:00:00+00:00,0.0,0.0,0.0,0.00243211879474603,0.10465514432927558,0.12192683309102947
2026-02-07 00:00:00+00:00,0.0,0.0,0.0,-0.0011480590231730536,-0.010387625882191998,-0.018289533079078435
2026-02-08 00:00:00+00:00,0.0,0.0,0.0,0.0010001875881402444,-0.02014960548931144,0.015023947392802217
2026-02-09 00:00:00+00:00,0.0,0.0,0.0,-0.0005238458035723426,0.006874532607262562,-0.0027353755233507915
2026-02-10 00:00:00+00:00,0.0,0.0,0.0,-0.002767717338266862,-0.012143534401635847,-0.01848798083777803
2026-02-11 00:00:00+00:00,0.0,0.0,0.0,-0.0009598029648607564,-0.01481599085589036,-0.02554818481756993
2026-02-12 00:00:00+00:00,0.0,0.0,0.0,0.0032495239379277674,0.014345293626079725,-0.012079898012180346
2026-02-13 00:00:00+00:00,0.0,0.0,0.0,-0.0027016971900041264,0.03279532895956683,0.038957378338449145
2026-02-14 00:00:00+00:00,0.0,0.0,0.0,-0.00408825784080602,0.05516078116246992,0.014073119396473821
2026-02-15 00:00:00+00:00,0.0,0.0,0.0,0.006197391095762894,-0.04067998355965052,-0.01418401829197935
2026-02-16 00:00:00+00:00,0.0,0.0,0.0,0.0004914845010839386,0.007389723505173418,0.0008695010415111781
2026-02-17 00:00:00+00:00,0.0,0.0,0.0,-0.000661809563093696,-0.008801571941073005,-0.020160560456351506
2026-02-18 00:00:00+00:00,0.0,0.0,0.0,0.0019091326135640685,-0.03591634828243906,-0.015443935368111394
2026-02-19 00:00:00+00:00,0.0,0.0,0.0,0.0023905661954264357,-0.003820267272089173,0.008166142549766553
2026-02-20 00:00:00+00:00,0.0,0.0,0.0,0.0036551043528605387,0.022220783778893916,0.015167513808559185
2026-02-21 00:00:00+00:00,0.0,0.0,0.0,0.008231153572690664,0.0005869516549303899,-0.0006480445974645921
2026-02-22 00:00:00+00:00,0.0,0.0,0.0,0.0024273381447001974,-0.025969144150953527,-0.0048918786399821945
2026-02-23 00:00:00+00:00,0.0,0.0,0.0,-0.003889251233693214,-0.04502100113791274,-0.04416365824308177
2026-02-24 00:00:00+00:00,0.0,0.0,0.0,0.006770221044082092,-0.0057737602466332305,-0.00924693477884797
2026-02-25 00:00:00+00:00,0.0,0.0,0.0,0.004143496881776176,0.0901370913194397,0.06134879012272343
2026-02-26 00:00:00+00:00,0.0,0.0,0.0,-0.0013466404551117916,-0.025287719674372933,-0.007396300878801942
2026-02-27 00:00:00+00:00,0.0,0.0,0.0,0.00015524904457731026,-0.02215284987060706,-0.023902729458526673
2026-02-28 00:00:00+00:00,0.0,0.0,0.0,0.001232620522197747,0.008789211795382279,0.01671663724095751
2026-03-01 00:00:00+00:00,0.0,0.0,0.0,0.0021820583104954494,-0.027556188426629102,-0.01786966917841626
2026-03-02 00:00:00+00:00,0.0,0.0,0.0,0.0043663739285992875,0.029297907540241086,0.04642374393153226
2026-03-03 00:00:00+00:00,0.0,0.0,0.0,0.003459295900922754,-0.008741319671205616,-0.00714891139133067
2026-03-04 00:00:00+00:00,0.0,0.0,0.0,-0.00041300160217294657,0.035001495943296934,0.06334352775907948
2026-03-05 00:00:00+00:00,0.0,0.0,0.0,0.00027782095374773164,-0.016190023948413623,-0.024441020290293047
2026-03-06 00:00:00+00:00,0.0,0.0,0.0,-0.00023674286494179686,-0.0313820298263896,-0.03916873745957106
2026-03-07 00:00:00+00:00,0.0,0.0,0.0,0.00492549517239671,-0.012085488198004146,-0.012495371731105598
2026-03-08 00:00:00+00:00,0.0,0.0,0.0,-0.0022897734885719556,-0.0166793388446993,-0.019203897066006448
2026-03-09 00:00:00+00:00,0.0,0.0,0.0,0.001308523703731801,0.025322655235152425,0.0373035506402799
2026-03-10 00:00:00+00:00,0.0,0.0,0.0,-0.0012673003230373459,0.01242091512152066,0.022160194855751936
2026-03-11 00:00:00+00:00,0.0,0.0,0.0,0.00013610043900591506,0.017537503310124825,0.0034772661022821616
2026-03-12 00:00:00+00:00,0.0,0.0,0.0,0.000581952294397059,0.016570556875837417,0.004978924906676729
2026-03-13 00:00:00+00:00,0.0,0.0,0.0,-0.0009022684792355795,0.0012152404784013804,0.005509677020594683
2026-03-14 00:00:00+00:00,0.0,0.0,0.0,0.0006717932951008088,0.002459163893044014,0.003975045819821776
2026-03-15 00:00:00+00:00,0.0,0.0,0.0,0.0022115945304919116,0.02177127579124516,0.022514339236603176
2026-03-16 00:00:00+00:00,0.0,0.0,0.0,-0.0021386110941186143,0.05585860182174307,0.028420286742171452
2026-03-17 00:00:00+00:00,0.0,0.0,0.0,0.0010431896099143412,-0.014169235845773898,-0.013024161019871139
2026-03-18 00:00:00+00:00,0.010986772107993037,0.011389249824484304,0.0,0.002338541440799702,-0.04095399744141215,-0.036028183710426376
2026-03-19 00:00:00+00:00,0.0,0.0,0.0002831437510684154,-0.0006026220954729045,-0.019685768481232047,-0.018478651735227003
2026-03-20 00:00:00+00:00,0.0,0.0,0.0009912757248724535,0.0023063704050940714,0.00745630150302623,0.008304447304445572
2026-03-21 00:00:00+00:00,0.0,0.0,-0.00016824380034341502,-0.00048087696318732664,-0.028578414893880355,-0.02258677509082596
2026-03-22 00:00:00+00:00,0.0,0.0,-0.00011923745988062784,0.0005627467297300015,-0.019507079153486373,-0.01536780167538021
2026-03-23 00:00:00+00:00,0.0,0.0,0.003717734788212246,0.0014443940883412942,0.04093226649840087,0.04490856039729563
2026-03-24 00:00:00+00:00,0.005473748293214564,0.005674626820663331,0.0,0.00047705606886916385,0.006865199907664987,-0.004931991377370326
2026-03-25 00:00:00+00:00,-0.0033918412420751443,-0.0033918412420751443,0.0,-0.00013077100409619735,0.003958192293599838,0.011051956198656177
2026-03-26 00:00:00+00:00,0.010193814561339831,0.010597973110002101,0.0,1.7289758118765874e-05,-0.04381576529820208,-0.0352725314786122
2026-03-27 00:00:00+00:00,0.0034746562702705486,0.0034746562702705486,0.0,-0.0014363670277476315,-0.026897560779220564,-0.03506275981610574
2026-03-28 00:00:00+00:00,9.01725558513089e-05,9.01725558513089e-05,0.004091846866341564,0.000648773073199882,-0.0009589038457916699,-0.0004555223463469371
2026-03-29 00:00:00+00:00,-0.002911317556119286,-0.002911317556119286,-0.0025538347001110573,-0.0012951763582301767,-0.014351705144673987,-0.005515462201306831
2026-03-30 00:00:00+00:00,0.0007390944179410663,0.0007390944179410663,0.0005971558167527924,-0.00016689520408619263,0.01466100130196013,0.011913784580827258
2026-03-31 00:00:00+00:00,-0.0017807711086376132,-0.0017807711086376132,-0.0019453802721828284,0.0019095757313376538,0.02299661345357018,0.022263002270896504
2026-04-01 00:00:00+00:00,0.0013275408439397118,0.0013275408439397118,0.0011882206728957012,0.002169940393105918,0.00915644554163908,-0.0024977857340353626
2026-04-02 00:00:00+00:00,-0.005489037397355956,-0.0052900736427367034,-0.0037505733829789056,0.002708462104050291,-0.02916675779068134,-0.017792692007741362
2026-04-03 00:00:00+00:00,0.0024519567104135387,0.0024519567104135387,0.002342041164694386,-2.92232696625927e-05,0.008164871428447462,0.0009313624303255441
2026-04-04 00:00:00+00:00,0.011576333360035385,0.011981505447741236,0.01104752023767297,0.0015097704059514605,0.006185497384948002,0.005019390929196232
2026-04-05 00:00:00+00:00,-0.001900606545461092,-0.001900606545461092,-0.0016012673965971613,0.00011299654040008988,0.0023198484729063384,0.025761503420037357
2026-04-06 00:00:00+00:00,0.009896029256440064,0.009896029256440064,0.00922160662285787,-0.0003256070200429173,-0.005440016384576252,-0.0026149365430298
2026-04-07 00:00:00+00:00,0.007632265385341563,0.008035547727450076,0.008364301973749377,-0.0004748307187754097,0.05436797281885952,0.04459545069935378
2026-04-08 00:00:00+00:00,0.0037253192994004536,0.0037253192994004536,0.0014014402001001347,0.0002027124123635815,-0.02579035498499116,-0.011877640105099396
2026-04-09 00:00:00+00:00,-0.0014498027349287845,-0.0014498027349287845,-2.087395070604625e-05,-0.0008512903309983999,0.016764485406733698,0.010103288409035738
2026-04-10 00:00:00+00:00,-0.00031897592333329783,-0.00011956056254192049,-0.0005496361369169422,-0.0011078144051088756,0.02034595099004033,0.016363883809501045
2026-04-11 00:00:00+00:00,0.003324946218877356,0.003324946218877356,0.0015092848569542294,0.0007597369330603065,-0.0012662604284127132,0.0011027552434323962
2026-04-12 00:00:00+00:00,0.002004730447310088,0.002004730447310088,0.004308909361996793,-4.672224120416679e-05,-0.04026553343929251,-0.03151807780495686
2026-04-13 00:00:00+00:00,0.004014531371174135,0.004014531371174135,-0.002885985802725255,0.005727100806623975,0.04529244555554701,0.05197849959104173
2026-04-14 00:00:00+00:00,0.000500598099935079,0.000500598099935079,0.005096513263051827,-0.0017295970328040644,-0.026403914297662978,-0.003849069290904783
2026-04-15 00:00:00+00:00,0.0027662629358142787,0.002965805584788983,-0.003866038993413201,0.0052083821199289115,0.023994397484593977,0.00915183885943227
2026-04-16 00:00:00+00:00,-0.012858148688775772,-0.012068374162870987,-0.011436296233347742,-0.004416786085004287,0.05495875121094307,0.0046023265074628394
2026-04-17 00:00:00+00:00,0.0,0.0,0.0,-0.00047655447336503176,0.028638653017125426,0.025516973149503075
2026-04-18 00:00:00+00:00,0.0,0.0,0.0,0.002484639734915861,-0.04718331725080582,-0.0179084492422652
2026-04-19 00:00:00+00:00,0.0,0.0,0.0,-0.022479193474962744,-0.025133271982736738,-0.02496929652580515
2026-04-20 00:00:00+00:00,0.0,0.0,0.0,-0.006095719382092413,0.0217343827353913,0.027630495141106826
2026-04-21 00:00:00+00:00,0.0,0.0,0.0,0.0027451224683479047,-0.0006533543222209115,0.006529188643025874
2026-04-22 00:00:00+00:00,0.0,0.0,0.0,0.0005372415323665614,-0.001791341793145107,0.024131161972407167
2026-04-23 00:00:00+00:00,0.0,0.0,0.0,-0.001040570129486107,0.02539638099443753,0.0010137093152411403
2026-04-24 00:00:00+00:00,0.010776606876457206,0.011783983071862014,0.00476671440727916,-0.004117713832025305,-0.003672412451402929,-0.010482704017557909
2026-04-25 00:00:00+00:00,-0.016211018279528866,-0.016211018279528866,-0.016445915820680335,0.008097854396260873,0.0077054733138912646,0.002426097144869299
2026-04-26 00:00:00+00:00,-0.015202884214963075,-0.015202884214963075,-0.021784044538446845,0.003141836653059338,0.0013196050154451466,0.013301771336554413
2026-04-27 00:00:00+00:00,0.01608862195787486,0.01608862195787486,0.01437083152127161,-0.0011958502568627516,-0.0073225278204759325,-0.016352276418474587
2026-04-28 00:00:00+00:00,0.0038778951755129576,0.0038778951755129576,0.0038479656084409175,-0.0002583936998256098,-0.008937881890199395,-0.013293685567209779
2026-04-29 00:00:00+00:00,0.03629046529757285,0.037327793090663475,0.052080943070515584,0.0009644180040282446,-0.006710409999119649,-0.007371621438415965
2026-04-30 00:00:00+00:00,0.0,0.0,-0.02047444201029558,-0.0013346202633051085,0.0016347335168678256,0.00747651095275903
2026-05-01 00:00:00+00:00,0.024915644718255914,0.02593891384687841,0.013578306776656168,-0.0014959789160564618,0.013411127192280325,0.02468427854715549
2026-05-02 00:00:00+00:00,0.009589555764361046,0.010600155920281296,0.01902572973655703,0.0014328034785269228,0.013522139364874342,0.005825302536215826
2026-05-03 00:00:00+00:00,0.0,0.0,0.0,0.0031789697854591736,-0.005401608560392623,-0.0015031736560802145
2026-05-04 00:00:00+00:00,0.0,0.0,0.0,0.0004565419788835623,0.0028163403523919772,0.016449834838535127
2026-05-05 00:00:00+00:00,0.0,0.0,0.0,0.005560482155739566,0.029397185293910555,0.013079098298406588
2026-05-06 00:00:00+00:00,0.0,0.0,0.0,0.006253483564341966,0.038009251247812514,0.006692868422328635
2026-05-07 00:00:00+00:00,0.0,0.0,0.0,0.0023371354863295224,-0.004648408393770342,-0.01769260774582304
2026-05-08 00:00:00+00:00,-0.0032783192947526407,-0.0022877383452233335,-0.0033054968316003075,0.0009172056185366984,0.04695432047801784,0.0023394495412849547
2026-05-09 00:00:00+00:00,-0.002253994040719909,-0.002253994040719909,-0.0024656779856100375,0.003802959851186394,-0.010830722706847262,0.006050764672352438
2026-05-10 00:00:00+00:00,0.012547449442214642,0.012547449442214642,0.01347691331750589,0.0027575335735157136,0.018364915155995698,0.018984883190545032
2026-05-11 00:00:00+00:00,-0.052517499148126756,-0.04967163819142084,-0.035132343618476614,-0.01598409188556449,0.023259047428261015,-0.005649186285815455
2026-05-12 00:00:00+00:00,0.0,0.0,-0.05099302186640686,0.00046746519803297915,-0.03688213023909104,-0.015183437895473162
2026-05-13 00:00:00+00:00,0.0,0.0,-0.02408601425863277,-0.007839565385995395,-0.02489362706078535,-0.014792470529895851
2026-05-14 00:00:00+00:00,0.0,0.0,0.013589546930064422,-0.004399192431812637,0.017771582010707165,0.022396912711448724
2026-05-15 00:00:00+00:00,0.0,0.0,0.006809971808624082,5.04715611160389e-05,-0.040192721880485505,-0.024377608136343154
2026-05-16 00:00:00+00:00,0.0,0.0,-0.001589325579871348,0.0007990456888118391,-0.024953889859979705,-0.012199732509905803
2026-05-17 00:00:00+00:00,0.0,0.0,0.0,-0.0004423029039647419,-0.018477556308723053,-0.008834257540655255
2026-05-18 00:00:00+00:00,0.0,0.0,0.0,0.0029961627867265417,0.0077684895119278785,-0.005884504400920032
2026-05-19 00:00:00+00:00,0.0,0.0,0.0,0.0009011249793386966,-0.010776739693254656,-0.0021754017142694426
2026-05-20 00:00:00+00:00,0.0,0.0,0.0,0.0006760580978202313,0.029594674000231747,0.009343085567445675
2026-05-21 00:00:00+00:00,0.0,0.0,0.0,-0.0002729088038752048,0.013084793478037149,0.0008160951658005011
2026-05-22 00:00:00+00:00,0.0,0.0,0.0,0.0008729238156415242,-0.03326825777916942,-0.02674748555443629
2026-05-23 00:00:00+00:00,0.0,0.0,0.0,0.0016075642631847575,0.029443653170384776,0.016051337379780817
2026-05-24 00:00:00+00:00,0.0,0.0,0.0,-0.00041020529532009853,-0.017235911772836454,0.004077417646781711
2026-05-25 00:00:00+00:00,0.0,0.0,0.0,0.0005103139135074208,0.01931080938212304,0.003335497741125515
2026-05-26 00:00:00+00:00,0.0,0.0,0.0,0.0006296919395762934,-0.017942566388275738,-0.018002635989416094
2026-05-27 00:00:00+00:00,0.0,0.0,0.0,-0.0005725605462855166,-0.009747816310373802,-0.019500985183591557
2026-05-28 00:00:00+00:00,0.0,0.0,0.0,0.004336486447323207,-0.022647549880289608,-0.011172569789106745
2026-05-29 00:00:00+00:00,0.0,0.0,0.0,0.0006896238276883349,0.007366433483345647,-0.002128977195777093
2026-05-30 00:00:00+00:00,0.0,0.0,0.0,-0.00366511069120512,0.013787523395767609,0.005766342257732093
2026-05-31 00:00:00+00:00,0.0,0.0,0.0,0.0020126299147193993,-0.0010937688913258414,-0.002842143359664373
2026-06-01 00:00:00+00:00,0.0,0.0,0.0,-0.0020765415971841783,0.0013420397261600936,-0.030750034034893958
2026-06-02 00:00:00+00:00,0.0,0.0,0.0,0.0023306972692600514,-0.05814787841355862,-0.06509090603552103
2026-06-03 00:00:00+00:00,0.0,0.0,0.0,-0.0019386971579661294,0.003388335435214662,-0.0392158096296894
2026-06-04 00:00:00+00:00,0.0,0.0,0.0,-0.0026612816675017914,-0.07676831512662396,-0.004002946552805531
2026-06-05 00:00:00+00:00,0.0,0.0,0.0,0.0002093245034393565,-0.08767345352988454,-0.04429014874779247
2026-06-06 00:00:00+00:00,0.0,0.0,0.0,-0.0018410289393777646,-0.004436625412505113,-0.002814607526443136
2026-06-07 00:00:00+00:00,0.0,0.0,0.0,-0.0032458156096939472,0.05088838203023838,0.04019717951758506
2026-06-08 00:00:00+00:00,0.0,0.0,0.0,-0.0008476922183283664,0.0015597372663505027,-0.003884607483640057
2026-06-09 00:00:00+00:00,0.0,0.0,0.0,-0.0032775315051493115,-0.01905391327647188,-0.021494312762626477
2026-06-10 00:00:00+00:00,0.0,0.0,0.0,-0.001372530949337314,-0.031802077861262545,-0.003547869755387456
2026-06-11 00:00:00+00:00,0.0,0.0,0.0,0.0018453534200431054,0.04304476784935041,0.03438409949181387
2026-06-12 00:00:00+00:00,0.0,0.0,0.0,-0.0004559340993292027,-0.010391003874992033,-0.0007226606611541175
2026-06-13 00:00:00+00:00,0.0,0.0,0.0,-0.0002514473337841272,0.02855424467967138,0.013809371845018736
2026-06-14 00:00:00+00:00,0.0,0.0,0.0,0.001716586971935774,0.020915600976475046,0.01998882683471015
2026-06-15 00:00:00+00:00,0.0,0.0,0.0,-0.003813126998629568,0.022636444261761257,0.008856599862045345
2026-06-16 00:00:00+00:00,0.0,0.0,0.0,-0.000714151874034008,-0.004253463260552759,-0.009855908615178266
2026-06-17 00:00:00+00:00,0.0,0.0,0.0,0.0003230329281111999,-0.015679954319227196,-0.01774815108517036
2026-06-18 00:00:00+00:00,0.0,0.0,0.0,-0.002630026799729346,-0.023508572363365232,-0.024049053316260616
2026-06-19 00:00:00+00:00,0.0,0.0,0.0,-0.004935176210735803,-0.00010179847298041889,0.009306202657930918
2026-06-20 00:00:00+00:00,0.0,0.0,0.0,0.003421755479918742,0.012262327627313496,0.011867384301657902
2026-06-21 00:00:00+00:00,0.0,0.0,0.0,-9.976586124382791e-05,-0.025618198682244908,-0.01533515578475908
2026-06-22 00:00:00+00:00,0.0,0.0,0.0,0.0019301069607562393,0.003985554793216828,0.011183031839625102
2026-06-23 00:00:00+00:00,0.0,0.0,0.0,0.002015267415401256,-0.02340588750433248,-0.0200787222619927
2026-06-24 00:00:00+00:00,0.0,0.0,0.0,0.00025577147077981977,-0.02231266013474653,-0.02640617445851734
2026-06-25 00:00:00+00:00,0.0,0.0,0.0,-0.0026380035863330376,-0.014676707458370797,-0.02102213907170125
2026-06-26 00:00:00+00:00,0.0,0.0,0.0,0.00555220384810684,0.02712914445802528,0.005071913569923758
2026-06-27 00:00:00+00:00,0.0,0.0,0.0,-0.0006532008727004879,-0.018495111769160855,-0.0011359917014539533
2026-06-28 00:00:00+00:00,0.0,0.0,0.0,-2.4305179489481077e-05,-0.003019044178523722,-0.007529527395091606
2026-06-29 00:00:00+00:00,0.0,0.0,0.0,0.000879692575245894,0.017395748727403904,0.011467510705891693
2026-06-30 00:00:00+00:00,0.0,0.0,0.0,0.0004075724716110507,-0.023699705920318226,-0.027140628949020695
2026-07-01 00:00:00+00:00,0.0,0.0,0.0,0.0003798091883291388,0.02748221382179583,0.02386860421143311
2026-07-02 00:00:00+00:00,0.0,0.0,0.0,0.002890074410948351,0.030182786136012885,0.025589764094362755
2026-07-03 00:00:00+00:00,0.0,0.0,0.0,0.004072341980808858,0.03955052525341807,0.016622157244964075
2026-07-04 00:00:00+00:00,0.0,0.0,0.0,0.0017500462074500067,0.004132149751409964,0.00896006376145908
2026-07-05 00:00:00+00:00,0.0,0.0,0.0,-0.003973680269408475,0.006653131983082261,0.008013269983963234
2026-07-06 00:00:00+00:00,0.0,0.0,0.0,0.0003511413570074229,-0.0017484062770907194,0.006158994501177739
2026-07-07 00:00:00+00:00,0.0,0.0,0.0,-0.0001650603696283781,-0.02473389031710238,-0.010587267547150558
2026-07-08 00:00:00+00:00,0.0,0.0,0.0,-0.0016606668950619463,-0.013810687517585296,-0.016949532376355103
2026-07-09 00:00:00+00:00,0.0,0.0,0.0,0.0021635191420672495,0.00695606692352202,0.015090704768021102
2026-07-10 00:00:00+00:00,0.0,0.0,0.0,-0.0004907792474373451,0.015863324415543723,0.014735410406452543
2026-07-11 00:00:00+00:00,0.0,0.0,0.0,-0.003411144713833303,-0.00962591357759035,-0.005341502690389577
2026-07-12 00:00:00+00:00,0.0,0.0,0.0,-0.0017598879554017177,-0.006230493591477648,-0.0006111032764531954
2026-07-13 00:00:00+00:00,0.0,0.0,0.0,0.0003536045167638058,-0.016009717580676264,-0.022663530887426342
2026-07-14 00:00:00+00:00,0.0,0.0,0.0,0.0003536721398051945,0.03664582495391833,0.043466445237726026
2026-07-15 00:00:00+00:00,0.0,0.0,0.0,-0.0036081481934050474,-0.002134641309562646,-0.004423161067326542
2026-07-16 00:00:00+00:00,0.0,0.0,0.0,0.0002016832158864279,-0.02276494337244772,-0.014301006790383708
2026-07-17 00:00:00+00:00,0.0,0.0,0.0,0.0029136691563380612,0.004197358970639442,0.0015896863866950994
2026-07-18 00:00:00+00:00,0.0,0.0,0.0,-0.0014291801675385685,0.0018400435791163794,0.014117416297743546
2026-07-19 00:00:00+00:00,0.0,0.0,0.0,-0.0008867938525473074,-0.009772916603407844,-0.001722547136371877
2026-07-20 00:00:00+00:00,0.0,0.0,0.0,-0.003323625092515492,0.013001759672167434,0.008234689182469834
2026-07-21 00:00:00+00:00,0.0,0.0,0.0,0.0004751911515266105,0.011824011331867501,0.019931650216205465
2026-07-22 00:00:00+00:00,0.0,0.0,0.0,0.00053041645232077,-0.007139374936617537,-0.006636049916341258
2026-07-23 00:00:00+00:00,0.0,0.0,0.0,-0.00232159209128735,-0.022571549494344922,-0.015360021683597846
2026-07-24 00:00:00+00:00,0.0,0.0,0.0,0.004625774594594345,-0.010820107458773487,-0.014731108648877722
2026-07-25 00:00:00+00:00,0.0,0.0,0.0,0.011884399411069557,0.011304967525311627,0.0036640167857846517
2026-07-26 00:00:00+00:00,0.0,0.0,0.0,-0.011309028061846194,0.021268411375653162,0.015922174757280638
2026-07-27 00:00:00+00:00,0.0,0.0,0.0,0.0026749014402782656,-0.04707210191210609,-0.025139606290459193
2026-07-28 00:00:00+00:00,0.0,0.0,0.0,0.003971356110171964,0.0033320419999871564,0.0024960842815071604
2026-07-29 00:00:00+00:00,0.0,0.0,0.0,-0.003575733476295584,-0.015025357614579682,0.0010839396072903629
2026-07-30 00:00:00+00:00,0.0,0.0,0.0,0.001904504051739364,0.025000518944892525,0.012436492213400152
2026-07-31 00:00:00+00:00,0.0,0.0,0.0,0.00578604529153437,-0.012152432291158921,-0.02920869737304843
2026-08-01 00:00:00+00:00,0.0,0.0,0.0,-0.003903176642578776,-0.007111470983091506,-0.001021500486261484
2026-08-02 00:00:00+00:00,0.0,0.0,0.0,-0.0010248178611355074,0.020126945398069696,0.011880241259500268
2026-08-03 00:00:00+00:00,0.0,0.0,0.0,0.0004250908807843512,0.0022608040235643223,-0.0007865345288652348
2026-08-04 00:00:00+00:00,0.0,0.0,0.0,-0.0008338254159211411,-0.000711096562638458,0.0092342569269519
2026-08-05 00:00:00+00:00,0.0,0.0,0.0,-0.0002555757231429423,0.002998310269901827,0.00871470875991509
2026-08-06 00:00:00+00:00,0.0,0.0,0.0,-6.35160922652922e-05,-0.003212519625881094,-0.0052829008726943405
2026-08-07 00:00:00+00:00,0.0,0.0,0.0,-0.0017944681787498418,0.0049588622417025,0.00932130519415919
2026-08-08 00:00:00+00:00,0.0,0.0,0.0,0.0023863011752638386,0.008166996873482102,0.0006070250090903784
2026-08-09 00:00:00+00:00,0.0,0.0,0.0,-0.0018467520894893674,-0.008695886948222542,-0.0009391557603908307
2026-08-10 00:00:00+00:00,0.0,0.0,0.0,0.0030250740611390547,0.002982164122222075,-0.014353731549565207
2026-08-11 00:00:00+00:00,0.0,0.0,0.0,0.00019008864519332036,-0.009555772215641078,-0.005784116650911497
2026-08-12 00:00:00+00:00,0.0,0.0,0.0,-0.0016740571510889257,-0.016535539642233754,-0.0018869496855361545
2026-08-13 00:00:00+00:00,0.0,0.0,0.0,0.0011279308802811805,0.00019488217612018133,0.0001712350616329683
2026-08-14 00:00:00+00:00,0.0,0.0,0.0,-0.0016121197799203735,-0.003970340422960517,-0.0070451085400335955
2026-08-15 00:00:00+00:00,0.0,0.0,0.0,0.0005123174792320828,-0.0023476858077834395,0.0006733439545616449
2026-08-16 00:00:00+00:00,0.0,0.0,0.0,-0.0005932586291239605,-0.006541324129696768,-0.0029485142585493618
2026-08-17 00:00:00+00:00,0.0,0.0,0.0,-1.5590851633051628e-05,0.008542808968958537,0.025947535771065233
2026-08-18 00:00:00+00:00,0.0,0.0,0.0,-0.0005962769304591609,-0.008853664080351487,0.0029957184099072
2026-08-19 00:00:00+00:00,0.0,0.0,0.0,-0.0013914300654019884,0.0686499550955848,0.07121421537318762
2026-08-20 00:00:00+00:00,0.0,0.0,0.0,0.005204860924203469,0.04809963560807651,0.05322522791227757
2026-08-21 00:00:00+00:00,0.0,0.0,0.0,0.0061545272788259275,0.11844376700217096,0.07275411279538657
2026-08-22 00:00:00+00:00,0.0,0.0,0.0,-5.421137980310409e-05,-0.02209030861542327,-0.016123714114333332
2026-08-23 00:00:00+00:00,0.0,0.0,0.0,-0.0008076209771048504,0.028743194600913125,0.008551029498178986
2026-08-24 00:00:00+00:00,0.0,0.0,0.0,-0.0023113010081869945,-0.010685058910324896,0.016193042941312852
2026-08-25 00:00:00+00:00,0.0,0.0,0.0,-0.005299108799442065,-0.030647099616617823,-0.005742425728944678
2026-08-26 00:00:00+00:00,0.0,0.0,0.0,-0.00262174676103466,0.020159476015979116,0.006170299292812542
2026-08-27 00:00:00+00:00,0.0,0.0,0.0,-0.004611756895708252,0.016344358684879934,0.015512171973613542
2026-08-28 00:00:00+00:00,0.0,0.0,0.0,0.0005081415098573405,-0.042312006763901455,-0.029952929348664448
2026-08-29 00:00:00+00:00,0.0,0.0,0.0,-0.004872605542920017,0.010490613968916929,0.004934494276961132
2026-08-30 00:00:00+00:00,0.0,0.0,0.0,-0.005031398734198778,-0.019508173775936832,-0.007004985299756905
2026-08-31 00:00:00+00:00,0.0,0.0,0.0,-0.003925048531977726,0.021292190890396245,0.011576555701449998
2026-09-01 00:00:00+00:00,0.0,0.0,0.0,0.00219184681663398,0.007191646887299008,-0.014536411911792668
2026-09-02 00:00:00+00:00,0.0,0.0,0.0,0.00011198204395257427,-0.0033147648049587364,-0.0012782964656052886
2026-09-03 00:00:00+00:00,0.0,0.0,0.0,-0.002284713840182362,0.054791385545848614,0.050819233149828946
2026-09-04 00:00:00+00:00,0.0,0.0,0.0,-0.0013505859310140034,0.0008523461038592028,-0.019805496148226243
2026-09-05 00:00:00+00:00,0.0,0.0,0.0,-0.00034472145793862374,0.04295083217387208,0.0021463513345396645
2026-09-06 00:00:00+00:00,0.0,0.0,0.0,-0.0047522236713498645,0.046217734267128385,0.006389437786344265
2026-09-07 00:00:00+00:00,0.0,0.0,0.0,0.0018677725969886705,-0.010711500677603736,-0.015307343634070048
2026-09-08 00:00:00+00:00,0.0,0.0,0.0,0.002208943807967323,0.006628408479714354,-0.008294695078534198
2026-09-09 00:00:00+00:00,0.0,0.0,0.0,-0.0003456717271896892,-0.020830438441053478,-0.0019038745382753408
2026-09-10 00:00:00+00:00,0.0,0.0,0.0,0.0007786892494976438,-0.034289607065959404,-0.022191153395703878
2026-09-11 00:00:00+00:00,0.0,0.0,0.0,-0.0022838733095115193,0.02565142353865668,0.008580266197476094
2026-09-12 00:00:00+00:00,0.0,0.0,0.0,0.0007713556673418775,0.000524922540517947,0.0006866884987770661
2026-09-13 00:00:00+00:00,0.0,0.0,0.0,0.0006212697020206992,0.0066492545421157345,0.0005600506115974735
